[
 {
  "sid":"part1:6",
  "className":"Simulink.Step",
  "icon":"part11",
  "name":"Step",
  "label":"Step",
  "parent":"part1",
  "inspector":{
   "params":[
    "Time",
    "Before",
    "After",
    "SampleTime",
    "VectorParams1D",
    "ZeroCross",
    "OutDataTypeStr"
   ],
   "values":[
    "0",
    "0",
    "10",
    "0",
    "on",
    "on",
    "double"
   ],
   "tabs":[
    "Main",
    "Signal Attributes"
   ],
   "tabs_idx":[
    0,
    6
   ]
  },
  "viewer":{
   "jshandler":"webview/handlers/ElementHandler"
  },
  "obj_viewer":[
  ],
  "finder":{
   "blocktype":"Step",
   "masktype":""
  }
 },
 {
  "sid":"part1:7",
  "className":"Simulink.Sum",
  "icon":"part11",
  "name":"Sum",
  "label":"Sum",
  "parent":"part1",
  "inspector":{
   "params":[
    "IconShape",
    "Inputs",
    "InputSameDT",
    "AccumDataTypeStr",
    "OutMin",
    "OutMax",
    "OutDataTypeStr",
    "LockScale",
    "RndMeth",
    "SaturateOnIntegerOverflow",
    "CollapseDim",
    "CollapseMode",
    "SampleTime"
   ],
   "values":[
    "round",
    "|+-",
    "off",
    "Inherit: Inherit via internal rule",
    "[]",
    "[]",
    "Inherit: Inherit via internal rule",
    "off",
    "Floor",
    "off",
    "1",
    "All dimensions",
    "-1"
   ],
   "tabs":[
    "Main",
    "Signal Attributes",
    "-Other"
   ],
   "tabs_idx":[
    0,
    2,
    10
   ]
  },
  "viewer":{
   "jshandler":"webview/handlers/ElementHandler"
  },
  "obj_viewer":[
  ],
  "finder":{
   "blocktype":"Sum",
   "masktype":""
  }
 },
 {
  "sid":"part1:8",
  "className":"Simulink.Sum",
  "icon":"part11",
  "name":"Sum1",
  "label":"Sum1",
  "parent":"part1",
  "inspector":{
   "params":[
    "IconShape",
    "Inputs",
    "InputSameDT",
    "AccumDataTypeStr",
    "OutMin",
    "OutMax",
    "OutDataTypeStr",
    "LockScale",
    "RndMeth",
    "SaturateOnIntegerOverflow",
    "CollapseDim",
    "CollapseMode",
    "SampleTime"
   ],
   "values":[
    "round",
    "|+-",
    "off",
    "Inherit: Inherit via internal rule",
    "[]",
    "[]",
    "Inherit: Inherit via internal rule",
    "off",
    "Floor",
    "off",
    "1",
    "All dimensions",
    "-1"
   ],
   "tabs":[
    "Main",
    "Signal Attributes",
    "-Other"
   ],
   "tabs_idx":[
    0,
    2,
    10
   ]
  },
  "viewer":{
   "jshandler":"webview/handlers/ElementHandler"
  },
  "obj_viewer":[
  ],
  "finder":{
   "blocktype":"Sum",
   "masktype":""
  }
 },
 {
  "sid":"part1:9",
  "className":"Simulink.TransferFcn",
  "icon":"part11",
  "name":"Transfer Fcn",
  "label":"Transfer Fcn",
  "parent":"part1",
  "inspector":{
   "params":[
    "Numerator",
    "Denominator",
    "ParameterTunability",
    "AbsoluteTolerance",
    "ContinuousStateAttributes"
   ],
   "values":[
    "[1]",
    "[ .01 , 2]",
    "Auto",
    "auto",
    "''"
   ],
   "tabs":[
    "Parameter Attributes"
   ],
   "tabs_idx":0
  },
  "viewer":{
   "jshandler":"webview/handlers/ElementHandler"
  },
  "obj_viewer":[
  ],
  "finder":{
   "blocktype":"TransferFcn",
   "masktype":""
  }
 },
 {
  "sid":"part1:2",
  "className":"Simulink.Gain",
  "icon":"part11",
  "name":"KM",
  "label":"KM",
  "parent":"part1",
  "inspector":{
   "params":[
    "Gain",
    "Multiplication",
    "OutMin",
    "OutMax",
    "OutDataTypeStr",
    "LockScale",
    "RndMeth",
    "SaturateOnIntegerOverflow",
    "ParamMin",
    "ParamMax",
    "ParamDataTypeStr",
    "SampleTime"
   ],
   "values":[
    "1.1",
    "Element-wise(K.*u)",
    "[]",
    "[]",
    "Inherit: Inherit via internal rule",
    "off",
    "Floor",
    "off",
    "[]",
    "[]",
    "Inherit: Inherit via internal rule",
    "-1"
   ],
   "tabs":[
    "Main",
    "Signal Attributes",
    "Parameter Attributes",
    "-Other"
   ],
   "tabs_idx":[
    0,
    2,
    8,
    11
   ]
  },
  "viewer":{
   "jshandler":"webview/handlers/ElementHandler"
  },
  "obj_viewer":[
  ],
  "finder":{
   "blocktype":"Gain",
   "masktype":""
  }
 },
 {
  "sid":"part1:1",
  "className":"Simulink.Gain",
  "icon":"part11",
  "name":"KB",
  "label":"KB",
  "parent":"part1",
  "inspector":{
   "params":[
    "Gain",
    "Multiplication",
    "OutMin",
    "OutMax",
    "OutDataTypeStr",
    "LockScale",
    "RndMeth",
    "SaturateOnIntegerOverflow",
    "ParamMin",
    "ParamMax",
    "ParamDataTypeStr",
    "SampleTime"
   ],
   "values":[
    "1.1",
    "Element-wise(K.*u)",
    "[]",
    "[]",
    "Inherit: Inherit via internal rule",
    "off",
    "Floor",
    "off",
    "[]",
    "[]",
    "Inherit: Inherit via internal rule",
    "-1"
   ],
   "tabs":[
    "Main",
    "Signal Attributes",
    "Parameter Attributes",
    "-Other"
   ],
   "tabs_idx":[
    0,
    2,
    8,
    11
   ]
  },
  "viewer":{
   "jshandler":"webview/handlers/ElementHandler"
  },
  "obj_viewer":[
  ],
  "finder":{
   "blocktype":"Gain",
   "masktype":""
  }
 },
 {
  "sid":"part1:3",
  "className":"Simulink.Gain",
  "icon":"part11",
  "name":"KT",
  "label":"KT",
  "parent":"part1",
  "inspector":{
   "params":[
    "Gain",
    "Multiplication",
    "OutMin",
    "OutMax",
    "OutDataTypeStr",
    "LockScale",
    "RndMeth",
    "SaturateOnIntegerOverflow",
    "ParamMin",
    "ParamMax",
    "ParamDataTypeStr",
    "SampleTime"
   ],
   "values":[
    "2",
    "Element-wise(K.*u)",
    "[]",
    "[]",
    "Inherit: Inherit via internal rule",
    "off",
    "Floor",
    "off",
    "[]",
    "[]",
    "Inherit: Inherit via internal rule",
    "-1"
   ],
   "tabs":[
    "Main",
    "Signal Attributes",
    "Parameter Attributes",
    "-Other"
   ],
   "tabs_idx":[
    0,
    2,
    8,
    11
   ]
  },
  "viewer":{
   "jshandler":"webview/handlers/ElementHandler"
  },
  "obj_viewer":[
  ],
  "finder":{
   "blocktype":"Gain",
   "masktype":""
  }
 },
 {
  "sid":"part1:5",
  "className":"Simulink.Scope",
  "icon":"part11",
  "name":"Scope",
  "label":"Scope",
  "parent":"part1",
  "inspector":[
  ],
  "viewer":{
   "jshandler":"webview/handlers/ElementHandler"
  },
  "obj_viewer":[
  ],
  "finder":{
   "blocktype":"Scope",
   "masktype":""
  }
 },
 {
  "sid":"part1:11",
  "className":"Simulink.Gain",
  "icon":"part11",
  "name":"-(R5/R4)",
  "label":"-(R5/R4)",
  "parent":"part1",
  "inspector":{
   "params":[
    "Gain",
    "Multiplication",
    "OutMin",
    "OutMax",
    "OutDataTypeStr",
    "LockScale",
    "RndMeth",
    "SaturateOnIntegerOverflow",
    "ParamMin",
    "ParamMax",
    "ParamDataTypeStr",
    "SampleTime"
   ],
   "values":[
    "-150",
    "Element-wise(K.*u)",
    "[]",
    "[]",
    "Inherit: Inherit via internal rule",
    "off",
    "Floor",
    "off",
    "[]",
    "[]",
    "Inherit: Inherit via internal rule",
    "-1"
   ],
   "tabs":[
    "Main",
    "Signal Attributes",
    "Parameter Attributes",
    "-Other"
   ],
   "tabs_idx":[
    0,
    2,
    8,
    11
   ]
  },
  "viewer":{
   "jshandler":"webview/handlers/ElementHandler"
  },
  "obj_viewer":[
  ],
  "finder":{
   "blocktype":"Gain",
   "masktype":""
  }
 },
 {
  "sid":"part1:12",
  "className":"Simulink.Gain",
  "icon":"part11",
  "name":"-(R3/R1)",
  "label":"-(R3/R1)",
  "parent":"part1",
  "inspector":{
   "params":[
    "Gain",
    "Multiplication",
    "OutMin",
    "OutMax",
    "OutDataTypeStr",
    "LockScale",
    "RndMeth",
    "SaturateOnIntegerOverflow",
    "ParamMin",
    "ParamMax",
    "ParamDataTypeStr",
    "SampleTime"
   ],
   "values":[
    "-1",
    "Element-wise(K.*u)",
    "[]",
    "[]",
    "Inherit: Inherit via internal rule",
    "off",
    "Floor",
    "off",
    "[]",
    "[]",
    "Inherit: Inherit via internal rule",
    "-1"
   ],
   "tabs":[
    "Main",
    "Signal Attributes",
    "Parameter Attributes",
    "-Other"
   ],
   "tabs_idx":[
    0,
    2,
    8,
    11
   ]
  },
  "viewer":{
   "jshandler":"webview/handlers/ElementHandler"
  },
  "obj_viewer":[
  ],
  "finder":{
   "blocktype":"Gain",
   "masktype":""
  }
 },
 {
  "sid":"part1:13",
  "className":"Simulink.Gain",
  "icon":"part11",
  "name":"-(R8/R7)",
  "label":"-(R8/R7)",
  "parent":"part1",
  "inspector":{
   "params":[
    "Gain",
    "Multiplication",
    "OutMin",
    "OutMax",
    "OutDataTypeStr",
    "LockScale",
    "RndMeth",
    "SaturateOnIntegerOverflow",
    "ParamMin",
    "ParamMax",
    "ParamDataTypeStr",
    "SampleTime"
   ],
   "values":[
    "-1",
    "Element-wise(K.*u)",
    "[]",
    "[]",
    "Inherit: Inherit via internal rule",
    "off",
    "Floor",
    "off",
    "[]",
    "[]",
    "Inherit: Inherit via internal rule",
    "-1"
   ],
   "tabs":[
    "Main",
    "Signal Attributes",
    "Parameter Attributes",
    "-Other"
   ],
   "tabs_idx":[
    0,
    2,
    8,
    11
   ]
  },
  "viewer":{
   "jshandler":"webview/handlers/ElementHandler"
  },
  "obj_viewer":[
  ],
  "finder":{
   "blocktype":"Gain",
   "masktype":""
  }
 },
 {
  "sid":"part1:14",
  "className":"Simulink.TransferFcn",
  "icon":"part11",
  "name":"Transfer Fcn2",
  "label":"Transfer Fcn2",
  "parent":"part1",
  "inspector":{
   "params":[
    "Numerator",
    "Denominator",
    "ParameterTunability",
    "AbsoluteTolerance",
    "ContinuousStateAttributes"
   ],
   "values":[
    "[-1]",
    "[1,0]",
    "Auto",
    "auto",
    "''"
   ],
   "tabs":[
    "Parameter Attributes"
   ],
   "tabs_idx":0
  },
  "viewer":{
   "jshandler":"webview/handlers/ElementHandler"
  },
  "obj_viewer":[
  ],
  "finder":{
   "blocktype":"TransferFcn",
   "masktype":""
  }
 },
 {
  "sid":"part1:15",
  "className":"Simulink.Gain",
  "icon":"part11",
  "name":"(R3/R2)",
  "label":"(R3/R2)",
  "parent":"part1",
  "inspector":{
   "params":[
    "Gain",
    "Multiplication",
    "OutMin",
    "OutMax",
    "OutDataTypeStr",
    "LockScale",
    "RndMeth",
    "SaturateOnIntegerOverflow",
    "ParamMin",
    "ParamMax",
    "ParamDataTypeStr",
    "SampleTime"
   ],
   "values":[
    "1",
    "Element-wise(K.*u)",
    "[]",
    "[]",
    "Inherit: Inherit via internal rule",
    "off",
    "Floor",
    "off",
    "[]",
    "[]",
    "Inherit: Inherit via internal rule",
    "-1"
   ],
   "tabs":[
    "Main",
    "Signal Attributes",
    "Parameter Attributes",
    "-Other"
   ],
   "tabs_idx":[
    0,
    2,
    8,
    11
   ]
  },
  "viewer":{
   "jshandler":"webview/handlers/ElementHandler"
  },
  "obj_viewer":[
  ],
  "finder":{
   "blocktype":"Gain",
   "masktype":""
  }
 },
 {
  "sid":"part1:16",
  "className":"Simulink.TransferFcn",
  "icon":"part11",
  "name":"Transfer Fcn1",
  "label":"Transfer Fcn1",
  "parent":"part1",
  "inspector":{
   "params":[
    "Numerator",
    "Denominator",
    "ParameterTunability",
    "AbsoluteTolerance",
    "ContinuousStateAttributes"
   ],
   "values":[
    "[1]",
    "[.1,.001]",
    "Auto",
    "auto",
    "''"
   ],
   "tabs":[
    "Parameter Attributes"
   ],
   "tabs_idx":0
  },
  "viewer":{
   "jshandler":"webview/handlers/ElementHandler"
  },
  "obj_viewer":[
  ],
  "finder":{
   "blocktype":"TransferFcn",
   "masktype":""
  }
 },
 {
  "sid":"part1:6#out:1",
  "className":"Simulink.Line",
  "icon":"part12",
  "name":"",
  "label":"",
  "parent":"part1",
  "inspector":{
   "params":[
    "SignalNameFromLabel",
    "MustResolveToSignal",
    "ShowPropagatedSignal",
    "DataLogging",
    "TestPoint",
    "SignalObjectPackage",
    "StorageClass",
    "Description",
    "documentLink"
   ],
   "values":[
    "",
    "off",
    "off",
    "off",
    "off",
    "Simulink",
    "Auto",
    "",
    ""
   ],
   "tabs":[
    "Parameter Attributes",
    "Logging and Accessibility",
    "Code Generation",
    "Documentation"
   ],
   "tabs_idx":[
    0,
    3,
    5,
    7
   ]
  },
  "viewer":{
   "jshandler":"webview/handlers/ElementHandler"
  },
  "obj_viewer":[
  ],
  "finder":[
  ]
 },
 {
  "sid":"part1:12#out:1",
  "className":"Simulink.Line",
  "icon":"part12",
  "name":"",
  "label":"",
  "parent":"part1",
  "inspector":{
   "params":[
    "SignalNameFromLabel",
    "MustResolveToSignal",
    "ShowPropagatedSignal",
    "DataLogging",
    "TestPoint",
    "SignalObjectPackage",
    "StorageClass",
    "Description",
    "documentLink"
   ],
   "values":[
    "",
    "off",
    "off",
    "off",
    "off",
    "Simulink",
    "Auto",
    "",
    ""
   ],
   "tabs":[
    "Parameter Attributes",
    "Logging and Accessibility",
    "Code Generation",
    "Documentation"
   ],
   "tabs_idx":[
    0,
    3,
    5,
    7
   ]
  },
  "viewer":{
   "jshandler":"webview/handlers/ElementHandler"
  },
  "obj_viewer":[
  ],
  "finder":[
  ]
 },
 {
  "sid":"part1:11#out:1",
  "className":"Simulink.Line",
  "icon":"part12",
  "name":"",
  "label":"",
  "parent":"part1",
  "inspector":{
   "params":[
    "SignalNameFromLabel",
    "MustResolveToSignal",
    "ShowPropagatedSignal",
    "DataLogging",
    "TestPoint",
    "SignalObjectPackage",
    "StorageClass",
    "Description",
    "documentLink"
   ],
   "values":[
    "",
    "off",
    "off",
    "off",
    "off",
    "Simulink",
    "Auto",
    "",
    ""
   ],
   "tabs":[
    "Parameter Attributes",
    "Logging and Accessibility",
    "Code Generation",
    "Documentation"
   ],
   "tabs_idx":[
    0,
    3,
    5,
    7
   ]
  },
  "viewer":{
   "jshandler":"webview/handlers/ElementHandler"
  },
  "obj_viewer":[
  ],
  "finder":[
  ]
 },
 {
  "sid":"part1:9#out:1",
  "className":"Simulink.Line",
  "icon":"part12",
  "name":"",
  "label":"",
  "parent":"part1",
  "inspector":{
   "params":[
    "SignalNameFromLabel",
    "MustResolveToSignal",
    "ShowPropagatedSignal",
    "DataLogging",
    "TestPoint",
    "SignalObjectPackage",
    "StorageClass",
    "Description",
    "documentLink"
   ],
   "values":[
    "",
    "off",
    "off",
    "off",
    "off",
    "Simulink",
    "Auto",
    "",
    ""
   ],
   "tabs":[
    "Parameter Attributes",
    "Logging and Accessibility",
    "Code Generation",
    "Documentation"
   ],
   "tabs_idx":[
    0,
    3,
    5,
    7
   ]
  },
  "viewer":{
   "jshandler":"webview/handlers/ElementHandler"
  },
  "obj_viewer":[
  ],
  "finder":[
  ]
 },
 {
  "sid":"part1:2#out:1",
  "className":"Simulink.Line",
  "icon":"part12",
  "name":"",
  "label":"",
  "parent":"part1",
  "inspector":{
   "params":[
    "SignalNameFromLabel",
    "MustResolveToSignal",
    "ShowPropagatedSignal",
    "DataLogging",
    "TestPoint",
    "SignalObjectPackage",
    "StorageClass",
    "Description",
    "documentLink"
   ],
   "values":[
    "",
    "off",
    "off",
    "off",
    "off",
    "Simulink",
    "Auto",
    "",
    ""
   ],
   "tabs":[
    "Parameter Attributes",
    "Logging and Accessibility",
    "Code Generation",
    "Documentation"
   ],
   "tabs_idx":[
    0,
    3,
    5,
    7
   ]
  },
  "viewer":{
   "jshandler":"webview/handlers/ElementHandler"
  },
  "obj_viewer":[
  ],
  "finder":[
  ]
 },
 {
  "sid":"part1:16#out:1",
  "className":"Simulink.Line",
  "icon":"part12",
  "name":"",
  "label":"",
  "parent":"part1",
  "inspector":{
   "params":[
    "SignalNameFromLabel",
    "MustResolveToSignal",
    "ShowPropagatedSignal",
    "DataLogging",
    "TestPoint",
    "SignalObjectPackage",
    "StorageClass",
    "Description",
    "documentLink"
   ],
   "values":[
    "",
    "off",
    "off",
    "off",
    "off",
    "Simulink",
    "Auto",
    "",
    ""
   ],
   "tabs":[
    "Parameter Attributes",
    "Logging and Accessibility",
    "Code Generation",
    "Documentation"
   ],
   "tabs_idx":[
    0,
    3,
    5,
    7
   ]
  },
  "viewer":{
   "jshandler":"webview/handlers/ElementHandler"
  },
  "obj_viewer":[
  ],
  "finder":[
  ]
 },
 {
  "sid":"part1:1#out:1",
  "className":"Simulink.Line",
  "icon":"part12",
  "name":"",
  "label":"",
  "parent":"part1",
  "inspector":{
   "params":[
    "SignalNameFromLabel",
    "MustResolveToSignal",
    "ShowPropagatedSignal",
    "DataLogging",
    "TestPoint",
    "SignalObjectPackage",
    "StorageClass",
    "Description",
    "documentLink"
   ],
   "values":[
    "",
    "off",
    "off",
    "off",
    "off",
    "Simulink",
    "Auto",
    "",
    ""
   ],
   "tabs":[
    "Parameter Attributes",
    "Logging and Accessibility",
    "Code Generation",
    "Documentation"
   ],
   "tabs_idx":[
    0,
    3,
    5,
    7
   ]
  },
  "viewer":{
   "jshandler":"webview/handlers/ElementHandler"
  },
  "obj_viewer":[
  ],
  "finder":[
  ]
 },
 {
  "sid":"part1:8#out:1",
  "className":"Simulink.Line",
  "icon":"part12",
  "name":"",
  "label":"",
  "parent":"part1",
  "inspector":{
   "params":[
    "SignalNameFromLabel",
    "MustResolveToSignal",
    "ShowPropagatedSignal",
    "DataLogging",
    "TestPoint",
    "SignalObjectPackage",
    "StorageClass",
    "Description",
    "documentLink"
   ],
   "values":[
    "",
    "off",
    "off",
    "off",
    "off",
    "Simulink",
    "Auto",
    "",
    ""
   ],
   "tabs":[
    "Parameter Attributes",
    "Logging and Accessibility",
    "Code Generation",
    "Documentation"
   ],
   "tabs_idx":[
    0,
    3,
    5,
    7
   ]
  },
  "viewer":{
   "jshandler":"webview/handlers/ElementHandler"
  },
  "obj_viewer":[
  ],
  "finder":[
  ]
 },
 {
  "sid":"part1:3#out:1",
  "className":"Simulink.Line",
  "icon":"part12",
  "name":"",
  "label":"",
  "parent":"part1",
  "inspector":{
   "params":[
    "SignalNameFromLabel",
    "MustResolveToSignal",
    "ShowPropagatedSignal",
    "DataLogging",
    "TestPoint",
    "SignalObjectPackage",
    "StorageClass",
    "Description",
    "documentLink"
   ],
   "values":[
    "",
    "off",
    "off",
    "off",
    "off",
    "Simulink",
    "Auto",
    "",
    ""
   ],
   "tabs":[
    "Parameter Attributes",
    "Logging and Accessibility",
    "Code Generation",
    "Documentation"
   ],
   "tabs_idx":[
    0,
    3,
    5,
    7
   ]
  },
  "viewer":{
   "jshandler":"webview/handlers/ElementHandler"
  },
  "obj_viewer":[
  ],
  "finder":[
  ]
 },
 {
  "sid":"part1:13#out:1",
  "className":"Simulink.Line",
  "icon":"part12",
  "name":"",
  "label":"",
  "parent":"part1",
  "inspector":{
   "params":[
    "SignalNameFromLabel",
    "MustResolveToSignal",
    "ShowPropagatedSignal",
    "DataLogging",
    "TestPoint",
    "SignalObjectPackage",
    "StorageClass",
    "Description",
    "documentLink"
   ],
   "values":[
    "",
    "off",
    "off",
    "off",
    "off",
    "Simulink",
    "Auto",
    "",
    ""
   ],
   "tabs":[
    "Parameter Attributes",
    "Logging and Accessibility",
    "Code Generation",
    "Documentation"
   ],
   "tabs_idx":[
    0,
    3,
    5,
    7
   ]
  },
  "viewer":{
   "jshandler":"webview/handlers/ElementHandler"
  },
  "obj_viewer":[
  ],
  "finder":[
  ]
 },
 {
  "sid":"part1:14#out:1",
  "className":"Simulink.Line",
  "icon":"part12",
  "name":"",
  "label":"",
  "parent":"part1",
  "inspector":{
   "params":[
    "SignalNameFromLabel",
    "MustResolveToSignal",
    "ShowPropagatedSignal",
    "DataLogging",
    "TestPoint",
    "SignalObjectPackage",
    "StorageClass",
    "Description",
    "documentLink"
   ],
   "values":[
    "",
    "off",
    "off",
    "off",
    "off",
    "Simulink",
    "Auto",
    "",
    ""
   ],
   "tabs":[
    "Parameter Attributes",
    "Logging and Accessibility",
    "Code Generation",
    "Documentation"
   ],
   "tabs_idx":[
    0,
    3,
    5,
    7
   ]
  },
  "viewer":{
   "jshandler":"webview/handlers/ElementHandler"
  },
  "obj_viewer":[
  ],
  "finder":[
  ]
 },
 {
  "sid":"part1:15#out:1",
  "className":"Simulink.Line",
  "icon":"part12",
  "name":"",
  "label":"",
  "parent":"part1",
  "inspector":{
   "params":[
    "SignalNameFromLabel",
    "MustResolveToSignal",
    "ShowPropagatedSignal",
    "DataLogging",
    "TestPoint",
    "SignalObjectPackage",
    "StorageClass",
    "Description",
    "documentLink"
   ],
   "values":[
    "",
    "off",
    "off",
    "off",
    "off",
    "Simulink",
    "Auto",
    "",
    ""
   ],
   "tabs":[
    "Parameter Attributes",
    "Logging and Accessibility",
    "Code Generation",
    "Documentation"
   ],
   "tabs_idx":[
    0,
    3,
    5,
    7
   ]
  },
  "viewer":{
   "jshandler":"webview/handlers/ElementHandler"
  },
  "obj_viewer":[
  ],
  "finder":[
  ]
 },
 {
  "sid":"part1:7#out:1",
  "className":"Simulink.Line",
  "icon":"part12",
  "name":"",
  "label":"",
  "parent":"part1",
  "inspector":{
   "params":[
    "SignalNameFromLabel",
    "MustResolveToSignal",
    "ShowPropagatedSignal",
    "DataLogging",
    "TestPoint",
    "SignalObjectPackage",
    "StorageClass",
    "Description",
    "documentLink"
   ],
   "values":[
    "",
    "off",
    "off",
    "off",
    "off",
    "Simulink",
    "Auto",
    "",
    ""
   ],
   "tabs":[
    "Parameter Attributes",
    "Logging and Accessibility",
    "Code Generation",
    "Documentation"
   ],
   "tabs_idx":[
    0,
    3,
    5,
    7
   ]
  },
  "viewer":{
   "jshandler":"webview/handlers/ElementHandler"
  },
  "obj_viewer":[
  ],
  "finder":[
  ]
 }
]