[
 {
  "hid":1,
  "sid":"part1",
  "esid":"",
  "parent":0,
  "children":[
  ],
  "name":"part1",
  "fullname":"part1",
  "label":"part1",
  "icon":"part10",
  "svg":"support/slwebview_files/part1_d.svg",
  "thumbnail":"support/slwebview_files/part1_d.png",
  "backingUrl":"support/slwebview_files/part1_d.json",
  "elements":[
   ":6",
   ":7",
   ":8",
   ":9",
   ":2",
   ":1",
   ":3",
   ":5",
   ":11",
   ":12",
   ":13",
   ":14",
   ":15",
   ":16",
   ":6#out:1",
   ":12#out:1",
   ":11#out:1",
   ":9#out:1",
   ":2#out:1",
   ":16#out:1",
   ":1#out:1",
   ":8#out:1",
   ":3#out:1",
   ":13#out:1",
   ":14#out:1",
   ":15#out:1",
   ":7#out:1"
  ],
  "sameAsElement":false
 }
]