[
 {
  "sid":"StateflowOnramp:16",
  "className":"Simulink.Annotation",
  "icon":"StateflowOnramp1",
  "name":"Simulate the measurement and calculation of distance, e.g. using an encoder. Here instead we use the known position to calculate distance and rotation.",
  "label":"Simulate the measurement and calculation of distance, e.g. using an encoder. Here instead we use the known position to calculate distance and rotation.",
  "parent":"StateflowOnramp:1",
  "inspector":{
   "params":[
    "Text",
    "DropShadow",
    "Interpreter",
    "FontName",
    "FontWeight",
    "FontSize",
    "FontAngle",
    "ForegroundColor",
    "BackgroundColor",
    "HorizontalAlignment",
    "UseDisplayTextAsClickCallback",
    "ClickFcn"
   ],
   "values":[
    "Simulate the measurement and calculation of distance, e.g. using an encoder.\nHere instead we use the known position to calculate distance and rotation.",
    "off",
    "off",
    "auto",
    "auto",
    -1,
    "auto",
    "black",
    "white",
    "left",
    "off",
    ""
   ],
   "tabs":[
   ],
   "tabs_idx":[
   ]
  },
  "viewer":{
   "jshandler":"webview/handlers/ElementHandler"
  },
  "obj_viewer":[
  ],
  "finder":[
  ]
 },
 {
  "sid":"StateflowOnramp:14",
  "className":"Simulink.Outport",
  "icon":"StateflowOnramp4",
  "name":"elapsedDist",
  "label":"elapsedDist",
  "parent":"StateflowOnramp:1",
  "inspector":{
   "params":[
    "Port",
    "IconDisplay",
    "OutMin",
    "OutMax",
    "OutDataTypeStr",
    "LockScale",
    "Unit",
    "PortDimensions",
    "VarSizeSig",
    "SampleTime",
    "SignalType",
    "BusOutputAsStruct",
    "BusVirtuality",
    "EnsureOutportIsVirtual",
    "InitialOutput",
    "MustResolveToSignalObject",
    "OutputFunctionCall",
    "OutputWhenDisabled",
    "OutputWhenUnConnected",
    "OutputWhenUnconnectedValue",
    "SignalName",
    "SignalObject",
    "SourceOfInitialOutputValue",
    "StorageClass",
    "VectorParamsAs1DForOutWhenUnconnected"
   ],
   "values":[
    "1",
    "Port number",
    "[]",
    "[]",
    "Inherit: auto",
    "off",
    "inherit",
    "-1",
    "Inherit",
    "-1",
    "auto",
    "off",
    "inherit",
    "off",
    "[]",
    "off",
    "off",
    "held",
    "off",
    "0",
    "",
    [
    ],
    "Dialog",
    "Auto",
    "off"
   ],
   "tabs":[
    "Main",
    "Signal Attributes",
    "-Other"
   ],
   "tabs_idx":[
    0,
    2,
    11
   ]
  },
  "viewer":{
   "jshandler":"webview/handlers/ElementHandler"
  },
  "obj_viewer":[
  ],
  "finder":{
   "blocktype":"Outport",
   "masktype":""
  }
 },
 {
  "sid":"StateflowOnramp:11",
  "className":"Simulink.Sum",
  "icon":"StateflowOnramp4",
  "name":"Subtract1",
  "label":"Subtract1",
  "parent":"StateflowOnramp:1",
  "inspector":{
   "params":[
    "IconShape",
    "Inputs",
    "InputSameDT",
    "AccumDataTypeStr",
    "OutMin",
    "OutMax",
    "OutDataTypeStr",
    "LockScale",
    "RndMeth",
    "SaturateOnIntegerOverflow",
    "CollapseDim",
    "CollapseMode",
    "SampleTime"
   ],
   "values":[
    "rectangular",
    "-+",
    "off",
    "Inherit: Inherit via internal rule",
    "[]",
    "[]",
    "Inherit: Inherit via internal rule",
    "off",
    "Floor",
    "off",
    "1",
    "All dimensions",
    "-1"
   ],
   "tabs":[
    "Main",
    "Signal Attributes",
    "-Other"
   ],
   "tabs_idx":[
    0,
    2,
    10
   ]
  },
  "viewer":{
   "jshandler":"webview/handlers/ElementHandler"
  },
  "obj_viewer":[
  ],
  "finder":{
   "blocktype":"Sum",
   "masktype":""
  }
 },
 {
  "sid":"StateflowOnramp:12",
  "className":"Simulink.Sum",
  "icon":"StateflowOnramp4",
  "name":"Subtract2",
  "label":"Subtract2",
  "parent":"StateflowOnramp:1",
  "inspector":{
   "params":[
    "IconShape",
    "Inputs",
    "InputSameDT",
    "AccumDataTypeStr",
    "OutMin",
    "OutMax",
    "OutDataTypeStr",
    "LockScale",
    "RndMeth",
    "SaturateOnIntegerOverflow",
    "CollapseDim",
    "CollapseMode",
    "SampleTime"
   ],
   "values":[
    "rectangular",
    "-+",
    "off",
    "Inherit: Inherit via internal rule",
    "[]",
    "[]",
    "Inherit: Inherit via internal rule",
    "off",
    "Floor",
    "off",
    "1",
    "All dimensions",
    "-1"
   ],
   "tabs":[
    "Main",
    "Signal Attributes",
    "-Other"
   ],
   "tabs_idx":[
    0,
    2,
    10
   ]
  },
  "viewer":{
   "jshandler":"webview/handlers/ElementHandler"
  },
  "obj_viewer":[
  ],
  "finder":{
   "blocktype":"Sum",
   "masktype":""
  }
 },
 {
  "sid":"StateflowOnramp:8",
  "className":"Simulink.Math",
  "icon":"StateflowOnramp4",
  "name":"Square",
  "label":"Square",
  "parent":"StateflowOnramp:1",
  "inspector":{
   "params":[
    "Operator",
    "OutputSignalType",
    "OutMin",
    "OutMax",
    "OutDataTypeStr",
    "LockScale",
    "RndMeth",
    "SaturateOnIntegerOverflow",
    "AlgorithmMethod",
    "AlgorithmType",
    "IntermediateResultsDataTypeStr",
    "Iterations",
    "SampleTime",
    "SignedPower"
   ],
   "values":[
    "square",
    "auto",
    "[]",
    "[]",
    "Inherit: Same as first input",
    "off",
    "Floor",
    "on",
    "Exact",
    "Newton-Raphson",
    "Inherit: Inherit via internal rule",
    "3",
    "-1",
    "on"
   ],
   "tabs":[
    "Main",
    "Signal Attributes",
    "-Other"
   ],
   "tabs_idx":[
    0,
    2,
    8
   ]
  },
  "viewer":{
   "jshandler":"webview/handlers/ElementHandler"
  },
  "obj_viewer":[
  ],
  "finder":{
   "blocktype":"Math",
   "masktype":""
  }
 },
 {
  "sid":"StateflowOnramp:10",
  "className":"Simulink.Math",
  "icon":"StateflowOnramp4",
  "name":"Square1",
  "label":"Square1",
  "parent":"StateflowOnramp:1",
  "inspector":{
   "params":[
    "Operator",
    "OutputSignalType",
    "OutMin",
    "OutMax",
    "OutDataTypeStr",
    "LockScale",
    "RndMeth",
    "SaturateOnIntegerOverflow",
    "AlgorithmMethod",
    "AlgorithmType",
    "IntermediateResultsDataTypeStr",
    "Iterations",
    "SampleTime",
    "SignedPower"
   ],
   "values":[
    "square",
    "auto",
    "[]",
    "[]",
    "Inherit: Same as first input",
    "off",
    "Floor",
    "on",
    "Exact",
    "Newton-Raphson",
    "Inherit: Inherit via internal rule",
    "3",
    "-1",
    "on"
   ],
   "tabs":[
    "Main",
    "Signal Attributes",
    "-Other"
   ],
   "tabs_idx":[
    0,
    2,
    8
   ]
  },
  "viewer":{
   "jshandler":"webview/handlers/ElementHandler"
  },
  "obj_viewer":[
  ],
  "finder":{
   "blocktype":"Math",
   "masktype":""
  }
 },
 {
  "sid":"StateflowOnramp:3",
  "className":"Simulink.Sum",
  "icon":"StateflowOnramp4",
  "name":"Add",
  "label":"Add",
  "parent":"StateflowOnramp:1",
  "inspector":{
   "params":[
    "IconShape",
    "Inputs",
    "InputSameDT",
    "AccumDataTypeStr",
    "OutMin",
    "OutMax",
    "OutDataTypeStr",
    "LockScale",
    "RndMeth",
    "SaturateOnIntegerOverflow",
    "CollapseDim",
    "CollapseMode",
    "SampleTime"
   ],
   "values":[
    "rectangular",
    "++",
    "off",
    "Inherit: Inherit via internal rule",
    "[]",
    "[]",
    "Inherit: Inherit via internal rule",
    "off",
    "Floor",
    "off",
    "1",
    "All dimensions",
    "-1"
   ],
   "tabs":[
    "Main",
    "Signal Attributes",
    "-Other"
   ],
   "tabs_idx":[
    0,
    2,
    10
   ]
  },
  "viewer":{
   "jshandler":"webview/handlers/ElementHandler"
  },
  "obj_viewer":[
  ],
  "finder":{
   "blocktype":"Sum",
   "masktype":""
  }
 },
 {
  "sid":"StateflowOnramp:5",
  "className":"Simulink.From",
  "icon":"StateflowOnramp4",
  "name":"From",
  "label":"From",
  "parent":"StateflowOnramp:1",
  "inspector":{
   "params":[
    "GotoTag",
    "IconDisplay"
   ],
   "values":[
    "xPose",
    "Tag"
   ],
   "tabs":[
    "Parameter Attributes"
   ],
   "tabs_idx":0
  },
  "viewer":{
   "jshandler":"webview/handlers/ElementLinkHandler",
   "destinations":[
    "StateflowOnramp:53"
   ]
  },
  "obj_viewer":[
  ],
  "finder":{
   "blocktype":"From",
   "masktype":""
  }
 },
 {
  "sid":"StateflowOnramp:6",
  "className":"Simulink.From",
  "icon":"StateflowOnramp4",
  "name":"From1",
  "label":"From1",
  "parent":"StateflowOnramp:1",
  "inspector":{
   "params":[
    "GotoTag",
    "IconDisplay"
   ],
   "values":[
    "yPose",
    "Tag"
   ],
   "tabs":[
    "Parameter Attributes"
   ],
   "tabs_idx":0
  },
  "viewer":{
   "jshandler":"webview/handlers/ElementLinkHandler",
   "destinations":[
    "StateflowOnramp:54"
   ]
  },
  "obj_viewer":[
  ],
  "finder":{
   "blocktype":"From",
   "masktype":""
  }
 },
 {
  "sid":"StateflowOnramp:7",
  "className":"Simulink.From",
  "icon":"StateflowOnramp4",
  "name":"From2",
  "label":"From2",
  "parent":"StateflowOnramp:1",
  "inspector":{
   "params":[
    "GotoTag",
    "IconDisplay"
   ],
   "values":[
    "thetaPose",
    "Tag"
   ],
   "tabs":[
    "Parameter Attributes"
   ],
   "tabs_idx":0
  },
  "viewer":{
   "jshandler":"webview/handlers/ElementLinkHandler",
   "destinations":[
    "StateflowOnramp:52"
   ]
  },
  "obj_viewer":[
  ],
  "finder":{
   "blocktype":"From",
   "masktype":""
  }
 },
 {
  "sid":"StateflowOnramp:15",
  "className":"Simulink.Outport",
  "icon":"StateflowOnramp4",
  "name":"elapsedRot",
  "label":"elapsedRot",
  "parent":"StateflowOnramp:1",
  "inspector":{
   "params":[
    "Port",
    "IconDisplay",
    "OutMin",
    "OutMax",
    "OutDataTypeStr",
    "LockScale",
    "Unit",
    "PortDimensions",
    "VarSizeSig",
    "SampleTime",
    "SignalType",
    "BusOutputAsStruct",
    "BusVirtuality",
    "EnsureOutportIsVirtual",
    "InitialOutput",
    "MustResolveToSignalObject",
    "OutputFunctionCall",
    "OutputWhenDisabled",
    "OutputWhenUnConnected",
    "OutputWhenUnconnectedValue",
    "SignalName",
    "SignalObject",
    "SourceOfInitialOutputValue",
    "StorageClass",
    "VectorParamsAs1DForOutWhenUnconnected"
   ],
   "values":[
    "2",
    "Port number",
    "[]",
    "[]",
    "Inherit: auto",
    "off",
    "inherit",
    "-1",
    "Inherit",
    "-1",
    "auto",
    "off",
    "inherit",
    "off",
    "[]",
    "off",
    "off",
    "held",
    "off",
    "0",
    "",
    [
    ],
    "Dialog",
    "Auto",
    "off"
   ],
   "tabs":[
    "Main",
    "Signal Attributes",
    "-Other"
   ],
   "tabs_idx":[
    0,
    2,
    11
   ]
  },
  "viewer":{
   "jshandler":"webview/handlers/ElementHandler"
  },
  "obj_viewer":[
  ],
  "finder":{
   "blocktype":"Outport",
   "masktype":""
  }
 },
 {
  "sid":"StateflowOnramp:4",
  "className":"Simulink.Demux",
  "icon":"StateflowOnramp4",
  "name":"Demux",
  "label":"Demux",
  "parent":"StateflowOnramp:1",
  "inspector":{
   "params":[
    "Outputs",
    "DisplayOption",
    "BusSelectionMode"
   ],
   "values":[
    "3",
    "bar",
    "off"
   ],
   "tabs":[
    "Parameter Attributes"
   ],
   "tabs_idx":0
  },
  "viewer":{
   "jshandler":"webview/handlers/ElementHandler"
  },
  "obj_viewer":[
  ],
  "finder":{
   "blocktype":"Demux",
   "masktype":""
  }
 },
 {
  "sid":"StateflowOnramp:9",
  "className":"Simulink.Sqrt",
  "icon":"StateflowOnramp4",
  "name":"Square Root",
  "label":"Square Root",
  "parent":"StateflowOnramp:1",
  "inspector":{
   "params":[
    "Operator",
    "OutputSignalType",
    "IntermediateResultsDataTypeStr",
    "OutDataTypeStr",
    "OutMin",
    "OutMax",
    "LockScale",
    "RndMeth",
    "SaturateOnIntegerOverflow",
    "AlgorithmType",
    "Iterations",
    "SampleTime"
   ],
   "values":[
    "sqrt",
    "auto",
    "Inherit: Inherit via internal rule",
    "Inherit: Same as first input",
    "[]",
    "[]",
    "off",
    "Floor",
    "on",
    "Exact",
    "3",
    "-1"
   ],
   "tabs":[
    "Main",
    "Data Types",
    "-Other"
   ],
   "tabs_idx":[
    0,
    2,
    9
   ]
  },
  "viewer":{
   "jshandler":"webview/handlers/ElementHandler"
  },
  "obj_viewer":[
  ],
  "finder":{
   "blocktype":"Sqrt",
   "masktype":""
  }
 },
 {
  "sid":"StateflowOnramp:13",
  "className":"Simulink.Sum",
  "icon":"StateflowOnramp4",
  "name":"Subtract3",
  "label":"Subtract3",
  "parent":"StateflowOnramp:1",
  "inspector":{
   "params":[
    "IconShape",
    "Inputs",
    "InputSameDT",
    "AccumDataTypeStr",
    "OutMin",
    "OutMax",
    "OutDataTypeStr",
    "LockScale",
    "RndMeth",
    "SaturateOnIntegerOverflow",
    "CollapseDim",
    "CollapseMode",
    "SampleTime"
   ],
   "values":[
    "rectangular",
    "-+",
    "off",
    "Inherit: Inherit via internal rule",
    "[]",
    "[]",
    "Inherit: Inherit via internal rule",
    "off",
    "Floor",
    "off",
    "1",
    "All dimensions",
    "-1"
   ],
   "tabs":[
    "Main",
    "Signal Attributes",
    "-Other"
   ],
   "tabs_idx":[
    0,
    2,
    10
   ]
  },
  "viewer":{
   "jshandler":"webview/handlers/ElementHandler"
  },
  "obj_viewer":[
  ],
  "finder":{
   "blocktype":"Sum",
   "masktype":""
  }
 },
 {
  "sid":"StateflowOnramp:2",
  "className":"Simulink.Inport",
  "icon":"StateflowOnramp4",
  "name":"initialPos",
  "label":"initialPos",
  "parent":"StateflowOnramp:1",
  "inspector":{
   "params":[
    "Port",
    "IconDisplay",
    "LatchByDelayingOutsideSignal",
    "LatchInputForFeedbackSignals",
    "OutputFunctionCall",
    "OutMin",
    "OutMax",
    "OutDataTypeStr",
    "LockScale",
    "Unit",
    "PortDimensions",
    "VarSizeSig",
    "SampleTime",
    "SignalType",
    "BusOutputAsStruct",
    "BusVirtuality",
    "InputConnect",
    "Interpolate"
   ],
   "values":[
    "1",
    "Port number",
    "off",
    "off",
    "off",
    "[]",
    "[]",
    "Inherit: auto",
    "off",
    "inherit",
    "-1",
    "Inherit",
    "-1",
    "auto",
    "off",
    "inherit",
    "",
    "on"
   ],
   "tabs":[
    "Main",
    "Signal Attributes",
    "-Other"
   ],
   "tabs_idx":[
    0,
    4,
    14
   ]
  },
  "viewer":{
   "jshandler":"webview/handlers/ElementHandler"
  },
  "obj_viewer":[
  ],
  "finder":{
   "blocktype":"Inport",
   "masktype":""
  }
 },
 {
  "sid":"StateflowOnramp:13#out:1",
  "className":"Simulink.Line",
  "icon":"StateflowOnramp6",
  "name":"",
  "label":"",
  "parent":"StateflowOnramp:1",
  "inspector":{
   "params":[
    "SignalNameFromLabel",
    "MustResolveToSignal",
    "ShowPropagatedSignal",
    "DataLogging",
    "TestPoint",
    "SignalObjectPackage",
    "StorageClass",
    "Description",
    "documentLink"
   ],
   "values":[
    "",
    "off",
    "off",
    "off",
    "off",
    "Simulink",
    "Auto",
    "",
    ""
   ],
   "tabs":[
    "Parameter Attributes",
    "Logging and Accessibility",
    "Code Generation",
    "Documentation"
   ],
   "tabs_idx":[
    0,
    3,
    5,
    7
   ]
  },
  "viewer":{
   "jshandler":"webview/handlers/ElementHandler"
  },
  "obj_viewer":[
  ],
  "finder":[
  ]
 },
 {
  "sid":"StateflowOnramp:2#out:1",
  "className":"Simulink.Line",
  "icon":"StateflowOnramp6",
  "name":"",
  "label":"",
  "parent":"StateflowOnramp:1",
  "inspector":{
   "params":[
    "SignalNameFromLabel",
    "MustResolveToSignal",
    "ShowPropagatedSignal",
    "DataLogging",
    "TestPoint",
    "SignalObjectPackage",
    "StorageClass",
    "Description",
    "documentLink"
   ],
   "values":[
    "",
    "off",
    "off",
    "off",
    "off",
    "Simulink",
    "Auto",
    "",
    ""
   ],
   "tabs":[
    "Parameter Attributes",
    "Logging and Accessibility",
    "Code Generation",
    "Documentation"
   ],
   "tabs_idx":[
    0,
    3,
    5,
    7
   ]
  },
  "viewer":{
   "jshandler":"webview/handlers/ElementHandler"
  },
  "obj_viewer":[
  ],
  "finder":[
  ]
 },
 {
  "sid":"StateflowOnramp:4#out:3",
  "className":"Simulink.Line",
  "icon":"StateflowOnramp6",
  "name":"",
  "label":"",
  "parent":"StateflowOnramp:1",
  "inspector":{
   "params":[
    "SignalNameFromLabel",
    "MustResolveToSignal",
    "ShowPropagatedSignal",
    "DataLogging",
    "TestPoint",
    "SignalObjectPackage",
    "StorageClass",
    "Description",
    "documentLink"
   ],
   "values":[
    "",
    "off",
    "off",
    "off",
    "off",
    "Simulink",
    "Auto",
    "",
    ""
   ],
   "tabs":[
    "Parameter Attributes",
    "Logging and Accessibility",
    "Code Generation",
    "Documentation"
   ],
   "tabs_idx":[
    0,
    3,
    5,
    7
   ]
  },
  "viewer":{
   "jshandler":"webview/handlers/ElementHandler"
  },
  "obj_viewer":[
  ],
  "finder":[
  ]
 },
 {
  "sid":"StateflowOnramp:7#out:1",
  "className":"Simulink.Line",
  "icon":"StateflowOnramp6",
  "name":"",
  "label":"",
  "parent":"StateflowOnramp:1",
  "inspector":{
   "params":[
    "SignalNameFromLabel",
    "MustResolveToSignal",
    "ShowPropagatedSignal",
    "DataLogging",
    "TestPoint",
    "SignalObjectPackage",
    "StorageClass",
    "Description",
    "documentLink"
   ],
   "values":[
    "",
    "off",
    "off",
    "off",
    "off",
    "Simulink",
    "Auto",
    "",
    ""
   ],
   "tabs":[
    "Parameter Attributes",
    "Logging and Accessibility",
    "Code Generation",
    "Documentation"
   ],
   "tabs_idx":[
    0,
    3,
    5,
    7
   ]
  },
  "viewer":{
   "jshandler":"webview/handlers/ElementHandler"
  },
  "obj_viewer":[
  ],
  "finder":[
  ]
 },
 {
  "sid":"StateflowOnramp:9#out:1",
  "className":"Simulink.Line",
  "icon":"StateflowOnramp6",
  "name":"",
  "label":"",
  "parent":"StateflowOnramp:1",
  "inspector":{
   "params":[
    "SignalNameFromLabel",
    "MustResolveToSignal",
    "ShowPropagatedSignal",
    "DataLogging",
    "TestPoint",
    "SignalObjectPackage",
    "StorageClass",
    "Description",
    "documentLink"
   ],
   "values":[
    "",
    "off",
    "off",
    "off",
    "off",
    "Simulink",
    "Auto",
    "",
    ""
   ],
   "tabs":[
    "Parameter Attributes",
    "Logging and Accessibility",
    "Code Generation",
    "Documentation"
   ],
   "tabs_idx":[
    0,
    3,
    5,
    7
   ]
  },
  "viewer":{
   "jshandler":"webview/handlers/ElementHandler"
  },
  "obj_viewer":[
  ],
  "finder":[
  ]
 },
 {
  "sid":"StateflowOnramp:3#out:1",
  "className":"Simulink.Line",
  "icon":"StateflowOnramp6",
  "name":"",
  "label":"",
  "parent":"StateflowOnramp:1",
  "inspector":{
   "params":[
    "SignalNameFromLabel",
    "MustResolveToSignal",
    "ShowPropagatedSignal",
    "DataLogging",
    "TestPoint",
    "SignalObjectPackage",
    "StorageClass",
    "Description",
    "documentLink"
   ],
   "values":[
    "",
    "off",
    "off",
    "off",
    "off",
    "Simulink",
    "Auto",
    "",
    ""
   ],
   "tabs":[
    "Parameter Attributes",
    "Logging and Accessibility",
    "Code Generation",
    "Documentation"
   ],
   "tabs_idx":[
    0,
    3,
    5,
    7
   ]
  },
  "viewer":{
   "jshandler":"webview/handlers/ElementHandler"
  },
  "obj_viewer":[
  ],
  "finder":[
  ]
 },
 {
  "sid":"StateflowOnramp:10#out:1",
  "className":"Simulink.Line",
  "icon":"StateflowOnramp6",
  "name":"",
  "label":"",
  "parent":"StateflowOnramp:1",
  "inspector":{
   "params":[
    "SignalNameFromLabel",
    "MustResolveToSignal",
    "ShowPropagatedSignal",
    "DataLogging",
    "TestPoint",
    "SignalObjectPackage",
    "StorageClass",
    "Description",
    "documentLink"
   ],
   "values":[
    "",
    "off",
    "off",
    "off",
    "off",
    "Simulink",
    "Auto",
    "",
    ""
   ],
   "tabs":[
    "Parameter Attributes",
    "Logging and Accessibility",
    "Code Generation",
    "Documentation"
   ],
   "tabs_idx":[
    0,
    3,
    5,
    7
   ]
  },
  "viewer":{
   "jshandler":"webview/handlers/ElementHandler"
  },
  "obj_viewer":[
  ],
  "finder":[
  ]
 },
 {
  "sid":"StateflowOnramp:8#out:1",
  "className":"Simulink.Line",
  "icon":"StateflowOnramp6",
  "name":"",
  "label":"",
  "parent":"StateflowOnramp:1",
  "inspector":{
   "params":[
    "SignalNameFromLabel",
    "MustResolveToSignal",
    "ShowPropagatedSignal",
    "DataLogging",
    "TestPoint",
    "SignalObjectPackage",
    "StorageClass",
    "Description",
    "documentLink"
   ],
   "values":[
    "",
    "off",
    "off",
    "off",
    "off",
    "Simulink",
    "Auto",
    "",
    ""
   ],
   "tabs":[
    "Parameter Attributes",
    "Logging and Accessibility",
    "Code Generation",
    "Documentation"
   ],
   "tabs_idx":[
    0,
    3,
    5,
    7
   ]
  },
  "viewer":{
   "jshandler":"webview/handlers/ElementHandler"
  },
  "obj_viewer":[
  ],
  "finder":[
  ]
 },
 {
  "sid":"StateflowOnramp:11#out:1",
  "className":"Simulink.Line",
  "icon":"StateflowOnramp6",
  "name":"",
  "label":"",
  "parent":"StateflowOnramp:1",
  "inspector":{
   "params":[
    "SignalNameFromLabel",
    "MustResolveToSignal",
    "ShowPropagatedSignal",
    "DataLogging",
    "TestPoint",
    "SignalObjectPackage",
    "StorageClass",
    "Description",
    "documentLink"
   ],
   "values":[
    "",
    "off",
    "off",
    "off",
    "off",
    "Simulink",
    "Auto",
    "",
    ""
   ],
   "tabs":[
    "Parameter Attributes",
    "Logging and Accessibility",
    "Code Generation",
    "Documentation"
   ],
   "tabs_idx":[
    0,
    3,
    5,
    7
   ]
  },
  "viewer":{
   "jshandler":"webview/handlers/ElementHandler"
  },
  "obj_viewer":[
  ],
  "finder":[
  ]
 },
 {
  "sid":"StateflowOnramp:12#out:1",
  "className":"Simulink.Line",
  "icon":"StateflowOnramp6",
  "name":"",
  "label":"",
  "parent":"StateflowOnramp:1",
  "inspector":{
   "params":[
    "SignalNameFromLabel",
    "MustResolveToSignal",
    "ShowPropagatedSignal",
    "DataLogging",
    "TestPoint",
    "SignalObjectPackage",
    "StorageClass",
    "Description",
    "documentLink"
   ],
   "values":[
    "",
    "off",
    "off",
    "off",
    "off",
    "Simulink",
    "Auto",
    "",
    ""
   ],
   "tabs":[
    "Parameter Attributes",
    "Logging and Accessibility",
    "Code Generation",
    "Documentation"
   ],
   "tabs_idx":[
    0,
    3,
    5,
    7
   ]
  },
  "viewer":{
   "jshandler":"webview/handlers/ElementHandler"
  },
  "obj_viewer":[
  ],
  "finder":[
  ]
 },
 {
  "sid":"StateflowOnramp:6#out:1",
  "className":"Simulink.Line",
  "icon":"StateflowOnramp6",
  "name":"",
  "label":"",
  "parent":"StateflowOnramp:1",
  "inspector":{
   "params":[
    "SignalNameFromLabel",
    "MustResolveToSignal",
    "ShowPropagatedSignal",
    "DataLogging",
    "TestPoint",
    "SignalObjectPackage",
    "StorageClass",
    "Description",
    "documentLink"
   ],
   "values":[
    "",
    "off",
    "off",
    "off",
    "off",
    "Simulink",
    "Auto",
    "",
    ""
   ],
   "tabs":[
    "Parameter Attributes",
    "Logging and Accessibility",
    "Code Generation",
    "Documentation"
   ],
   "tabs_idx":[
    0,
    3,
    5,
    7
   ]
  },
  "viewer":{
   "jshandler":"webview/handlers/ElementHandler"
  },
  "obj_viewer":[
  ],
  "finder":[
  ]
 },
 {
  "sid":"StateflowOnramp:4#out:2",
  "className":"Simulink.Line",
  "icon":"StateflowOnramp6",
  "name":"",
  "label":"",
  "parent":"StateflowOnramp:1",
  "inspector":{
   "params":[
    "SignalNameFromLabel",
    "MustResolveToSignal",
    "ShowPropagatedSignal",
    "DataLogging",
    "TestPoint",
    "SignalObjectPackage",
    "StorageClass",
    "Description",
    "documentLink"
   ],
   "values":[
    "",
    "off",
    "off",
    "off",
    "off",
    "Simulink",
    "Auto",
    "",
    ""
   ],
   "tabs":[
    "Parameter Attributes",
    "Logging and Accessibility",
    "Code Generation",
    "Documentation"
   ],
   "tabs_idx":[
    0,
    3,
    5,
    7
   ]
  },
  "viewer":{
   "jshandler":"webview/handlers/ElementHandler"
  },
  "obj_viewer":[
  ],
  "finder":[
  ]
 },
 {
  "sid":"StateflowOnramp:5#out:1",
  "className":"Simulink.Line",
  "icon":"StateflowOnramp6",
  "name":"",
  "label":"",
  "parent":"StateflowOnramp:1",
  "inspector":{
   "params":[
    "SignalNameFromLabel",
    "MustResolveToSignal",
    "ShowPropagatedSignal",
    "DataLogging",
    "TestPoint",
    "SignalObjectPackage",
    "StorageClass",
    "Description",
    "documentLink"
   ],
   "values":[
    "",
    "off",
    "off",
    "off",
    "off",
    "Simulink",
    "Auto",
    "",
    ""
   ],
   "tabs":[
    "Parameter Attributes",
    "Logging and Accessibility",
    "Code Generation",
    "Documentation"
   ],
   "tabs_idx":[
    0,
    3,
    5,
    7
   ]
  },
  "viewer":{
   "jshandler":"webview/handlers/ElementHandler"
  },
  "obj_viewer":[
  ],
  "finder":[
  ]
 },
 {
  "sid":"StateflowOnramp:4#out:1",
  "className":"Simulink.Line",
  "icon":"StateflowOnramp6",
  "name":"",
  "label":"",
  "parent":"StateflowOnramp:1",
  "inspector":{
   "params":[
    "SignalNameFromLabel",
    "MustResolveToSignal",
    "ShowPropagatedSignal",
    "DataLogging",
    "TestPoint",
    "SignalObjectPackage",
    "StorageClass",
    "Description",
    "documentLink"
   ],
   "values":[
    "",
    "off",
    "off",
    "off",
    "off",
    "Simulink",
    "Auto",
    "",
    ""
   ],
   "tabs":[
    "Parameter Attributes",
    "Logging and Accessibility",
    "Code Generation",
    "Documentation"
   ],
   "tabs_idx":[
    0,
    3,
    5,
    7
   ]
  },
  "viewer":{
   "jshandler":"webview/handlers/ElementHandler"
  },
  "obj_viewer":[
  ],
  "finder":[
  ]
 }
]