[
 {
  "sid":"StateflowOnramp:17:110",
  "className":"Stateflow.State",
  "icon":"StateflowOnramp7",
  "name":"RandomDrive",
  "label":"RandomDrive",
  "parent":"StateflowOnramp:17",
  "inspector":{
   "params":[
    "HasOutputData",
    "OutputMonitoringMode",
    "InlineOption",
    "LabelString",
    "DataLogging",
    "TestPoint",
    "NameMode",
    "LoggingName",
    "LimitDataPoints",
    "MaxPoints",
    "DecimateData",
    "Decimation",
    "Description",
    "Document"
   ],
   "values":[
    false,
    "ChildActivity",
    "Auto",
    "RandomDrive\nentry:\nbumpCount = 0;",
    false,
    false,
    "SignalName",
    "RandomDrive",
    false,
    5000,
    false,
    2,
    "",
    ""
   ],
   "tabs":[
    "General",
    "Logging",
    "Documentation"
   ],
   "tabs_idx":[
    0,
    4,
    12
   ]
  },
  "viewer":{
   "jshandler":"webview/handlers/ElementHandler"
  },
  "obj_viewer":[
  ],
  "finder":[
  ]
 },
 {
  "sid":"StateflowOnramp:17:123",
  "className":"Stateflow.State",
  "icon":"StateflowOnramp7",
  "name":"FindWall",
  "label":"FindWall",
  "parent":"StateflowOnramp:17",
  "inspector":{
   "params":[
    "HasOutputData",
    "OutputMonitoringMode",
    "InlineOption",
    "LabelString",
    "DataLogging",
    "TestPoint",
    "NameMode",
    "LoggingName",
    "LimitDataPoints",
    "MaxPoints",
    "DecimateData",
    "Decimation",
    "Description",
    "Document"
   ],
   "values":[
    false,
    "SelfActivity",
    "Auto",
    "FindWall\nentry:\nv = 3 ;\nw = 0;",
    false,
    false,
    "SignalName",
    "RandomDrive.FindWall",
    false,
    5000,
    false,
    2,
    "",
    ""
   ],
   "tabs":[
    "General",
    "Logging",
    "Documentation"
   ],
   "tabs_idx":[
    0,
    4,
    12
   ]
  },
  "viewer":{
   "jshandler":"webview/handlers/ElementHandler"
  },
  "obj_viewer":[
  ],
  "finder":[
  ]
 },
 {
  "sid":"StateflowOnramp:17:125",
  "className":"Stateflow.State",
  "icon":"StateflowOnramp7",
  "name":"RotateRandom",
  "label":"RotateRandom",
  "parent":"StateflowOnramp:17",
  "inspector":{
   "params":[
    "HasOutputData",
    "OutputMonitoringMode",
    "InlineOption",
    "LabelString",
    "DataLogging",
    "TestPoint",
    "NameMode",
    "LoggingName",
    "LimitDataPoints",
    "MaxPoints",
    "DecimateData",
    "Decimation",
    "Description",
    "Document"
   ],
   "values":[
    false,
    "SelfActivity",
    "Auto",
    "RotateRandom\nentry:\nv = 0 ;\nw = 1 ;\ntRotate = rand(1)*1.5+2.5;",
    false,
    false,
    "SignalName",
    "RandomDrive.RotateRandom",
    false,
    5000,
    false,
    2,
    "",
    ""
   ],
   "tabs":[
    "General",
    "Logging",
    "Documentation"
   ],
   "tabs_idx":[
    0,
    4,
    12
   ]
  },
  "viewer":{
   "jshandler":"webview/handlers/ElementHandler"
  },
  "obj_viewer":[
  ],
  "finder":[
  ]
 },
 {
  "sid":"StateflowOnramp:17:124",
  "className":"Stateflow.Transition",
  "icon":"StateflowOnramp8",
  "name":"",
  "label":"",
  "parent":"StateflowOnramp:17",
  "inspector":{
   "params":[
    "ExecutionOrder",
    "isVariant",
    "LabelString",
    "Description",
    "Document"
   ],
   "values":[
    1,
    false,
    "",
    "",
    ""
   ],
   "tabs":[
    "Parameter Attributes"
   ],
   "tabs_idx":0
  },
  "viewer":{
   "jshandler":"webview/handlers/ElementHandler"
  },
  "obj_viewer":[
  ],
  "finder":[
  ]
 },
 {
  "sid":"StateflowOnramp:17:127",
  "className":"Stateflow.Transition",
  "icon":"StateflowOnramp8",
  "name":"",
  "label":"[bump == 1]{bumpCount=bumpCount + 1 ;}",
  "parent":"StateflowOnramp:17",
  "inspector":{
   "params":[
    "ExecutionOrder",
    "isVariant",
    "LabelString",
    "Description",
    "Document"
   ],
   "values":[
    1,
    false,
    "[bump == 1]{bumpCount=bumpCount + 1 ;}",
    "",
    ""
   ],
   "tabs":[
    "Parameter Attributes"
   ],
   "tabs_idx":0
  },
  "viewer":{
   "jshandler":"webview/handlers/ElementHandler"
  },
  "obj_viewer":[
  ],
  "finder":[
  ]
 },
 {
  "sid":"StateflowOnramp:17:126",
  "className":"Stateflow.Transition",
  "icon":"StateflowOnramp8",
  "name":"",
  "label":"after(tRotate,sec)",
  "parent":"StateflowOnramp:17",
  "inspector":{
   "params":[
    "ExecutionOrder",
    "isVariant",
    "LabelString",
    "Description",
    "Document"
   ],
   "values":[
    1,
    false,
    "after(tRotate,sec)",
    "",
    ""
   ],
   "tabs":[
    "Parameter Attributes"
   ],
   "tabs_idx":0
  },
  "viewer":{
   "jshandler":"webview/handlers/ElementHandler"
  },
  "obj_viewer":[
  ],
  "finder":[
  ]
 },
 {
  "sid":"StateflowOnramp:17:105",
  "className":"Stateflow.State",
  "icon":"StateflowOnramp7",
  "name":"DriveToLocation",
  "label":"DriveToLocation",
  "parent":"StateflowOnramp:17",
  "inspector":{
   "params":[
    "HasOutputData",
    "OutputMonitoringMode",
    "InlineOption",
    "LabelString",
    "DataLogging",
    "TestPoint",
    "NameMode",
    "LoggingName",
    "LimitDataPoints",
    "MaxPoints",
    "DecimateData",
    "Decimation",
    "Description",
    "Document"
   ],
   "values":[
    false,
    "ChildActivity",
    "Auto",
    "DriveToLocation\nentry:\npositionReached = 0;",
    false,
    false,
    "SignalName",
    "DriveToLocation",
    false,
    5000,
    false,
    2,
    "",
    ""
   ],
   "tabs":[
    "General",
    "Logging",
    "Documentation"
   ],
   "tabs_idx":[
    0,
    4,
    12
   ]
  },
  "viewer":{
   "jshandler":"webview/handlers/ElementHandler"
  },
  "obj_viewer":[
  ],
  "finder":[
  ]
 },
 {
  "sid":"StateflowOnramp:17:119",
  "className":"Stateflow.State",
  "icon":"StateflowOnramp7",
  "name":"PureTranslate",
  "label":"PureTranslate",
  "parent":"StateflowOnramp:17",
  "inspector":{
   "params":[
    "HasOutputData",
    "OutputMonitoringMode",
    "InlineOption",
    "LabelString",
    "DataLogging",
    "TestPoint",
    "NameMode",
    "LoggingName",
    "LimitDataPoints",
    "MaxPoints",
    "DecimateData",
    "Decimation",
    "Description",
    "Document"
   ],
   "values":[
    false,
    "SelfActivity",
    "Auto",
    "PureTranslate\nentry:\nv = 3;\nw = 0;\n",
    false,
    false,
    "SignalName",
    "DriveToLocation.PureTranslate",
    false,
    5000,
    false,
    2,
    "",
    ""
   ],
   "tabs":[
    "General",
    "Logging",
    "Documentation"
   ],
   "tabs_idx":[
    0,
    4,
    12
   ]
  },
  "viewer":{
   "jshandler":"webview/handlers/ElementHandler"
  },
  "obj_viewer":[
  ],
  "finder":[
  ]
 },
 {
  "sid":"StateflowOnramp:17:117",
  "className":"Stateflow.State",
  "icon":"StateflowOnramp7",
  "name":"PureRotate",
  "label":"PureRotate",
  "parent":"StateflowOnramp:17",
  "inspector":{
   "params":[
    "HasOutputData",
    "OutputMonitoringMode",
    "InlineOption",
    "LabelString",
    "DataLogging",
    "TestPoint",
    "NameMode",
    "LoggingName",
    "LimitDataPoints",
    "MaxPoints",
    "DecimateData",
    "Decimation",
    "Description",
    "Document"
   ],
   "values":[
    false,
    "SelfActivity",
    "Auto",
    "PureRotate\nentry:\nv = 0;\nw = 1;",
    false,
    false,
    "SignalName",
    "DriveToLocation.PureRotate",
    false,
    5000,
    false,
    2,
    "",
    ""
   ],
   "tabs":[
    "General",
    "Logging",
    "Documentation"
   ],
   "tabs_idx":[
    0,
    4,
    12
   ]
  },
  "viewer":{
   "jshandler":"webview/handlers/ElementHandler"
  },
  "obj_viewer":[
  ],
  "finder":[
  ]
 },
 {
  "sid":"StateflowOnramp:17:120",
  "className":"Stateflow.State",
  "icon":"StateflowOnramp7",
  "name":"Stop",
  "label":"Stop",
  "parent":"StateflowOnramp:17",
  "inspector":{
   "params":[
    "HasOutputData",
    "OutputMonitoringMode",
    "InlineOption",
    "LabelString",
    "DataLogging",
    "TestPoint",
    "NameMode",
    "LoggingName",
    "LimitDataPoints",
    "MaxPoints",
    "DecimateData",
    "Decimation",
    "Description",
    "Document"
   ],
   "values":[
    false,
    "SelfActivity",
    "Auto",
    "Stop\nentry:\nv = 0;\nw = 0;\npositionReached=1;",
    false,
    false,
    "SignalName",
    "DriveToLocation.Stop",
    false,
    5000,
    false,
    2,
    "",
    ""
   ],
   "tabs":[
    "General",
    "Logging",
    "Documentation"
   ],
   "tabs_idx":[
    0,
    4,
    12
   ]
  },
  "viewer":{
   "jshandler":"webview/handlers/ElementHandler"
  },
  "obj_viewer":[
  ],
  "finder":[
  ]
 },
 {
  "sid":"StateflowOnramp:17:121",
  "className":"Stateflow.Transition",
  "icon":"StateflowOnramp8",
  "name":"",
  "label":"[mod(elapsedRot,2*pi) >= desiredRot]",
  "parent":"StateflowOnramp:17",
  "inspector":{
   "params":[
    "ExecutionOrder",
    "isVariant",
    "LabelString",
    "Description",
    "Document"
   ],
   "values":[
    1,
    false,
    "[mod(elapsedRot,2*pi) >= desiredRot]",
    "",
    ""
   ],
   "tabs":[
    "Parameter Attributes"
   ],
   "tabs_idx":0
  },
  "viewer":{
   "jshandler":"webview/handlers/ElementHandler"
  },
  "obj_viewer":[
  ],
  "finder":[
  ]
 },
 {
  "sid":"StateflowOnramp:17:118",
  "className":"Stateflow.Transition",
  "icon":"StateflowOnramp8",
  "name":"",
  "label":"",
  "parent":"StateflowOnramp:17",
  "inspector":{
   "params":[
    "ExecutionOrder",
    "isVariant",
    "LabelString",
    "Description",
    "Document"
   ],
   "values":[
    1,
    false,
    "",
    "",
    ""
   ],
   "tabs":[
    "Parameter Attributes"
   ],
   "tabs_idx":0
  },
  "viewer":{
   "jshandler":"webview/handlers/ElementHandler"
  },
  "obj_viewer":[
  ],
  "finder":[
  ]
 },
 {
  "sid":"StateflowOnramp:17:122",
  "className":"Stateflow.Transition",
  "icon":"StateflowOnramp8",
  "name":"",
  "label":"[elapsedDist >= desiredDist]",
  "parent":"StateflowOnramp:17",
  "inspector":{
   "params":[
    "ExecutionOrder",
    "isVariant",
    "LabelString",
    "Description",
    "Document"
   ],
   "values":[
    1,
    false,
    "[elapsedDist >= desiredDist]",
    "",
    ""
   ],
   "tabs":[
    "Parameter Attributes"
   ],
   "tabs_idx":0
  },
  "viewer":{
   "jshandler":"webview/handlers/ElementHandler"
  },
  "obj_viewer":[
  ],
  "finder":[
  ]
 },
 {
  "sid":"StateflowOnramp:17:109",
  "className":"Stateflow.State",
  "icon":"StateflowOnramp7",
  "name":"TaskComplete",
  "label":"TaskComplete",
  "parent":"StateflowOnramp:17",
  "inspector":{
   "params":[
    "HasOutputData",
    "OutputMonitoringMode",
    "InlineOption",
    "LabelString",
    "DataLogging",
    "TestPoint",
    "NameMode",
    "LoggingName",
    "LimitDataPoints",
    "MaxPoints",
    "DecimateData",
    "Decimation",
    "Description",
    "Document"
   ],
   "values":[
    false,
    "SelfActivity",
    "Auto",
    "TaskComplete\nentry:\ncomplete=1;",
    false,
    false,
    "SignalName",
    "TaskComplete",
    false,
    5000,
    false,
    2,
    "",
    ""
   ],
   "tabs":[
    "General",
    "Logging",
    "Documentation"
   ],
   "tabs_idx":[
    0,
    4,
    12
   ]
  },
  "viewer":{
   "jshandler":"webview/handlers/ElementHandler"
  },
  "obj_viewer":[
  ],
  "finder":[
  ]
 },
 {
  "sid":"StateflowOnramp:17:115",
  "className":"Stateflow.Transition",
  "icon":"StateflowOnramp8",
  "name":"",
  "label":"[bumpCount > 50]",
  "parent":"StateflowOnramp:17",
  "inspector":{
   "params":[
    "ExecutionOrder",
    "isVariant",
    "LabelString",
    "Description",
    "Document"
   ],
   "values":[
    1,
    false,
    "[bumpCount > 50]",
    "",
    ""
   ],
   "tabs":[
    "Parameter Attributes"
   ],
   "tabs_idx":0
  },
  "viewer":{
   "jshandler":"webview/handlers/ElementHandler"
  },
  "obj_viewer":[
  ],
  "finder":[
  ]
 },
 {
  "sid":"StateflowOnramp:17:111",
  "className":"Stateflow.Transition",
  "icon":"StateflowOnramp8",
  "name":"",
  "label":"[driveMode == 1 && positionReached == 1]",
  "parent":"StateflowOnramp:17",
  "inspector":{
   "params":[
    "ExecutionOrder",
    "isVariant",
    "LabelString",
    "Description",
    "Document"
   ],
   "values":[
    1,
    false,
    "[driveMode == 1 && positionReached == 1]",
    "",
    ""
   ],
   "tabs":[
    "Parameter Attributes"
   ],
   "tabs_idx":0
  },
  "viewer":{
   "jshandler":"webview/handlers/ElementHandler"
  },
  "obj_viewer":[
  ],
  "finder":[
  ]
 },
 {
  "sid":"StateflowOnramp:17:106",
  "className":"Stateflow.Transition",
  "icon":"StateflowOnramp8",
  "name":"",
  "label":"",
  "parent":"StateflowOnramp:17",
  "inspector":{
   "params":[
    "ExecutionOrder",
    "isVariant",
    "LabelString",
    "Description",
    "Document"
   ],
   "values":[
    1,
    false,
    "",
    "",
    ""
   ],
   "tabs":[
    "Parameter Attributes"
   ],
   "tabs_idx":0
  },
  "viewer":{
   "jshandler":"webview/handlers/ElementHandler"
  },
  "obj_viewer":[
  ],
  "finder":[
  ]
 },
 {
  "sid":"StateflowOnramp:17:112",
  "className":"Stateflow.Transition",
  "icon":"StateflowOnramp8",
  "name":"",
  "label":"[driveMode == 2 && positionReached == 1]",
  "parent":"StateflowOnramp:17",
  "inspector":{
   "params":[
    "ExecutionOrder",
    "isVariant",
    "LabelString",
    "Description",
    "Document"
   ],
   "values":[
    2,
    false,
    "[driveMode == 2 && positionReached == 1]",
    "",
    ""
   ],
   "tabs":[
    "Parameter Attributes"
   ],
   "tabs_idx":0
  },
  "viewer":{
   "jshandler":"webview/handlers/ElementHandler"
  },
  "obj_viewer":[
  ],
  "finder":[
  ]
 }
]