[
 {
  "hid":1,
  "sid":"StateflowOnramp",
  "esid":"",
  "parent":0,
  "children":[
   2,
   3,
   4,
   5,
   6
  ],
  "name":"StateflowOnramp",
  "fullname":"StateflowOnramp",
  "label":"StateflowOnramp",
  "icon":"StateflowOnramp0",
  "svg":"support/slwebview_files/StateflowOnramp_d.svg",
  "thumbnail":"support/slwebview_files/StateflowOnramp_d.png",
  "backingUrl":"support/slwebview_files/StateflowOnramp_d.json",
  "elements":[
   ":171",
   ":170",
   ":169",
   ":24",
   ":17",
   ":120",
   ":20",
   ":21",
   ":156",
   ":1",
   ":167",
   ":22",
   ":168",
   ":19",
   ":119",
   ":115",
   ":155",
   ":23",
   ":157",
   ":116",
   ":117",
   ":118",
   ":154",
   ":18",
   ":179",
   ":19#out:1",
   ":157#out:2",
   ":156#out:1",
   ":24#out:4",
   ":18#out:1",
   ":24#out:1",
   ":21#out:1",
   ":21#out:2",
   ":23#out:1",
   ":168#out:1",
   ":20#out:3",
   ":155#out:1",
   ":167#out:1",
   ":21#out:3",
   ":24#out:3",
   ":116#out:1",
   ":157#out:1",
   ":117#out:1",
   ":118#out:1",
   ":20#out:1",
   ":20#out:2",
   ":24#out:2",
   ":115#out:1",
   ":1#out:2",
   ":1#out:1",
   ":120#out:2",
   ":120#out:1",
   ":17#out:1",
   ":17#out:2",
   ":17#out:3"
  ],
  "sameAsElement":false
 },
 {
  "hid":2,
  "sid":"StateflowOnramp:1",
  "esid":"StateflowOnramp:1",
  "parent":1,
  "children":[
  ],
  "name":"Calculate Distance",
  "fullname":"StateflowOnramp/Calculate Distance",
  "label":"Calculate Distance",
  "icon":"StateflowOnramp2",
  "svg":"support/slwebview_files/StateflowOnramp_1_d.svg",
  "thumbnail":"support/slwebview_files/StateflowOnramp_1_d.png",
  "backingUrl":"support/slwebview_files/StateflowOnramp_1_d.json",
  "elements":[
   ":16",
   ":14",
   ":11",
   ":12",
   ":8",
   ":10",
   ":3",
   ":5",
   ":6",
   ":7",
   ":15",
   ":4",
   ":9",
   ":13",
   ":2",
   ":13#out:1",
   ":2#out:1",
   ":4#out:3",
   ":7#out:1",
   ":9#out:1",
   ":3#out:1",
   ":10#out:1",
   ":8#out:1",
   ":11#out:1",
   ":12#out:1",
   ":6#out:1",
   ":4#out:2",
   ":5#out:1",
   ":4#out:1"
  ],
  "sameAsElement":true
 },
 {
  "hid":3,
  "sid":"StateflowOnramp:17",
  "esid":"StateflowOnramp:17",
  "parent":1,
  "children":[
  ],
  "name":"Chart",
  "fullname":"StateflowOnramp/Chart",
  "label":"Chart",
  "icon":"StateflowOnramp3",
  "svg":"support/slwebview_files/StateflowOnramp_17_d.svg",
  "thumbnail":"support/slwebview_files/StateflowOnramp_17_d.png",
  "backingUrl":"support/slwebview_files/StateflowOnramp_17_d.json",
  "elements":[
   ":17:110",
   ":17:123",
   ":17:125",
   ":17:124",
   ":17:127",
   ":17:126",
   ":17:105",
   ":17:119",
   ":17:117",
   ":17:120",
   ":17:121",
   ":17:118",
   ":17:122",
   ":17:109",
   ":17:115",
   ":17:111",
   ":17:106",
   ":17:112"
  ],
  "sameAsElement":false
 },
 {
  "hid":4,
  "sid":"StateflowOnramp:24",
  "esid":"StateflowOnramp:24",
  "parent":1,
  "children":[
   10
  ],
  "name":"Drive to Position",
  "fullname":"StateflowOnramp/Drive to Position",
  "label":"Drive to Position",
  "icon":"StateflowOnramp2",
  "svg":"support/slwebview_files/StateflowOnramp_24_d.svg",
  "thumbnail":"support/slwebview_files/StateflowOnramp_24_d.png",
  "backingUrl":"support/slwebview_files/StateflowOnramp_24_d.json",
  "elements":[
   ":31",
   ":77",
   ":90",
   ":110",
   ":27",
   ":28",
   ":29",
   ":25",
   ":26",
   ":30",
   ":102",
   ":111",
   ":112",
   ":113",
   ":114",
   ":90#out:2",
   ":102#out:1",
   ":102#out:2",
   ":102#out:3",
   ":25#out:1",
   ":30#out:1",
   ":29#out:1",
   ":28#out:1",
   ":27#out:1",
   ":77#out:2",
   ":77#out:1",
   ":90#out:1",
   ":26#out:1",
   ":110#out:1"
  ],
  "sameAsElement":true
 },
 {
  "hid":10,
  "sid":"StateflowOnramp:102",
  "esid":"StateflowOnramp:102",
  "parent":4,
  "children":[
  ],
  "name":"Subsystem2",
  "fullname":"StateflowOnramp/Drive to Position/Subsystem2",
  "label":"Subsystem2",
  "icon":"StateflowOnramp2",
  "svg":"support/slwebview_files/StateflowOnramp_102_d.svg",
  "thumbnail":"support/slwebview_files/StateflowOnramp_102_d.png",
  "backingUrl":"support/slwebview_files/StateflowOnramp_102_d.json",
  "elements":[
   ":109",
   ":103",
   ":104",
   ":105",
   ":106",
   ":107",
   ":108",
   ":105#out:1",
   ":103#out:1",
   ":104#out:1"
  ],
  "sameAsElement":true
 },
 {
  "hid":5,
  "sid":"StateflowOnramp:120",
  "esid":"StateflowOnramp:120",
  "parent":1,
  "children":[
   7,
   8,
   9
  ],
  "name":"Location to Distance",
  "fullname":"StateflowOnramp/Location to Distance",
  "label":"Location to Distance",
  "icon":"StateflowOnramp2",
  "svg":"support/slwebview_files/StateflowOnramp_120_d.svg",
  "thumbnail":"support/slwebview_files/StateflowOnramp_120_d.png",
  "backingUrl":"support/slwebview_files/StateflowOnramp_120_d.json",
  "elements":[
   ":153",
   ":151",
   ":121",
   ":122",
   ":124",
   ":125",
   ":148",
   ":149",
   ":127",
   ":146",
   ":147",
   ":126",
   ":123",
   ":152",
   ":150",
   ":145",
   ":129",
   ":134",
   ":139",
   ":144",
   ":128",
   ":128#out:1",
   ":144#out:1",
   ":139#out:1",
   ":129#out:1",
   ":127#out:1",
   ":150#out:1",
   ":134#out:1",
   ":123#out:1",
   ":145#out:1",
   ":126#out:1",
   ":147#out:1",
   ":146#out:1",
   ":148#out:1",
   ":149#out:1",
   ":125#out:1",
   ":122#out:1",
   ":124#out:1",
   ":121#out:1"
  ],
  "sameAsElement":true
 },
 {
  "hid":7,
  "sid":"StateflowOnramp:129",
  "esid":"StateflowOnramp:129",
  "parent":5,
  "children":[
  ],
  "name":"Convert Angle to Pos",
  "fullname":"StateflowOnramp/Location to Distance/Convert Angle to Pos",
  "label":"Convert Angle to Pos",
  "icon":"StateflowOnramp2",
  "svg":"support/slwebview_files/StateflowOnramp_129_d.svg",
  "thumbnail":"support/slwebview_files/StateflowOnramp_129_d.png",
  "backingUrl":"support/slwebview_files/StateflowOnramp_129_d.json",
  "elements":[
   ":132",
   ":131",
   ":130",
   ":133",
   ":131#out:1",
   ":132#out:1",
   ":130#out:1"
  ],
  "sameAsElement":true
 },
 {
  "hid":8,
  "sid":"StateflowOnramp:134",
  "esid":"StateflowOnramp:134",
  "parent":5,
  "children":[
  ],
  "name":"Convert Angle to Pos1",
  "fullname":"StateflowOnramp/Location to Distance/Convert Angle to Pos1",
  "label":"Convert Angle to Pos1",
  "icon":"StateflowOnramp2",
  "svg":"support/slwebview_files/StateflowOnramp_134_d.svg",
  "thumbnail":"support/slwebview_files/StateflowOnramp_134_d.png",
  "backingUrl":"support/slwebview_files/StateflowOnramp_134_d.json",
  "elements":[
   ":137",
   ":136",
   ":135",
   ":138",
   ":136#out:1",
   ":137#out:1",
   ":135#out:1"
  ],
  "sameAsElement":true
 },
 {
  "hid":9,
  "sid":"StateflowOnramp:139",
  "esid":"StateflowOnramp:139",
  "parent":5,
  "children":[
  ],
  "name":"Convert Angle to Pos2",
  "fullname":"StateflowOnramp/Location to Distance/Convert Angle to Pos2",
  "label":"Convert Angle to Pos2",
  "icon":"StateflowOnramp2",
  "svg":"support/slwebview_files/StateflowOnramp_139_d.svg",
  "thumbnail":"support/slwebview_files/StateflowOnramp_139_d.png",
  "backingUrl":"support/slwebview_files/StateflowOnramp_139_d.json",
  "elements":[
   ":142",
   ":141",
   ":140",
   ":143",
   ":140#out:1",
   ":142#out:1",
   ":141#out:1"
  ],
  "sameAsElement":true
 },
 {
  "hid":6,
  "sid":"StateflowOnramp:157",
  "esid":"StateflowOnramp:157",
  "parent":1,
  "children":[
  ],
  "name":"Set Desired Position",
  "fullname":"StateflowOnramp/Set Desired Position",
  "label":"Set Desired Position",
  "icon":"StateflowOnramp2",
  "svg":"support/slwebview_files/StateflowOnramp_157_d.svg",
  "thumbnail":"support/slwebview_files/StateflowOnramp_157_d.png",
  "backingUrl":"support/slwebview_files/StateflowOnramp_157_d.json",
  "elements":[
   ":163",
   ":159",
   ":165",
   ":166",
   ":158",
   ":160",
   ":161",
   ":162",
   ":164",
   ":164#out:1",
   ":162#out:1",
   ":161#out:1",
   ":159#out:1",
   ":160#out:1",
   ":158#out:1",
   ":163#out:1"
  ],
  "sameAsElement":true
 }
]