{
 "baseUrl":"support/slwebview_files",
 "homeHid":1,
 "initialElement":"",
 "sections":[
  {
   "hid":1,
   "sid":"Project",
   "name":"Project",
   "fullname":"Project",
   "label":"Project",
   "parent":0,
   "descendants":[
    2
   ],
   "hierarchyUrl":"support/slwebview_files/Project_h_1.json",
   "backingUrl":"support/slwebview_files/Project_m.json"
  }
 ],
 "optViews":[
 ],
 "display":{
  "informer":false
 },
 "iconsUrl":"support/slwebview_files/Project_icons.css"
}