[
 {
  "sid":"Part2:1",
  "className":"Simulink.Step",
  "icon":"Part21",
  "name":"Step",
  "label":"Step",
  "parent":"Part2",
  "inspector":{
   "params":[
    "Time",
    "Before",
    "After",
    "SampleTime",
    "VectorParams1D",
    "ZeroCross",
    "OutDataTypeStr"
   ],
   "values":[
    "1",
    "0",
    "1",
    "0",
    "on",
    "on",
    "double"
   ],
   "tabs":[
    "Main",
    "Signal Attributes"
   ],
   "tabs_idx":[
    0,
    6
   ]
  },
  "viewer":{
   "jshandler":"webview/handlers/ElementHandler"
  },
  "obj_viewer":[
  ],
  "finder":{
   "blocktype":"Step",
   "masktype":""
  }
 },
 {
  "sid":"Part2:2",
  "className":"Simulink.Sum",
  "icon":"Part21",
  "name":"Sum",
  "label":"Sum",
  "parent":"Part2",
  "inspector":{
   "params":[
    "IconShape",
    "Inputs",
    "InputSameDT",
    "AccumDataTypeStr",
    "OutMin",
    "OutMax",
    "OutDataTypeStr",
    "LockScale",
    "RndMeth",
    "SaturateOnIntegerOverflow",
    "CollapseDim",
    "CollapseMode",
    "SampleTime"
   ],
   "values":[
    "round",
    "|+-",
    "off",
    "Inherit: Inherit via internal rule",
    "[]",
    "[]",
    "Inherit: Inherit via internal rule",
    "off",
    "Floor",
    "off",
    "1",
    "All dimensions",
    "-1"
   ],
   "tabs":[
    "Main",
    "Signal Attributes",
    "-Other"
   ],
   "tabs_idx":[
    0,
    2,
    10
   ]
  },
  "viewer":{
   "jshandler":"webview/handlers/ElementHandler"
  },
  "obj_viewer":[
  ],
  "finder":{
   "blocktype":"Sum",
   "masktype":""
  }
 },
 {
  "sid":"Part2:3",
  "className":"PID 1dof",
  "icon":"Part21",
  "name":"PID Controller",
  "label":"PID Controller",
  "parent":"Part2",
  "inspector":{
   "params":[
    "Controller",
    "Form",
    "TimeDomain",
    "UseExternalTs",
    "SampleTime",
    "IntegratorMethod",
    "FilterMethod",
    "ControllerParametersSource",
    "P",
    "I",
    "D",
    "UseFilter",
    "N",
    "TunerSelectOption",
    "ZeroCross",
    "InitialConditionSource",
    "InitialConditionForIntegrator",
    "InitialConditionForFilter",
    "DifferentiatorICPrevScaledInput",
    "ExternalReset",
    "IgnoreLimit",
    "TrackingMode",
    "Kt",
    "LimitOutput",
    "SatLimitsSource",
    "UpperSaturationLimit",
    "LowerSaturationLimit",
    "LinearizeAsGain",
    "AntiWindupMode",
    "Kb",
    "RndMeth",
    "SaturateOnIntegerOverflow",
    "LockScale",
    "PGainOutDataTypeStr",
    "PProdOutDataTypeStr",
    "POutMin",
    "POutMax",
    "IGainOutDataTypeStr",
    "IProdOutDataTypeStr",
    "IOutMin",
    "IOutMax",
    "DGainOutDataTypeStr",
    "DProdOutDataTypeStr",
    "DOutMin",
    "DOutMax",
    "NGainOutDataTypeStr",
    "NProdOutDataTypeStr",
    "NOutMin",
    "NOutMax",
    "SumOutDataTypeStr",
    "SumOutMin",
    "SumOutMax",
    "SaturationOutDataTypeStr",
    "SaturationOutMin",
    "SaturationOutMax",
    "PParamDataTypeStr",
    "PParamMin",
    "PParamMax",
    "IParamDataTypeStr",
    "IParamMin",
    "IParamMax",
    "DParamDataTypeStr",
    "DParamMin",
    "DParamMax",
    "NParamDataTypeStr",
    "NParamMin",
    "NParamMax",
    "KbParamDataTypeStr",
    "KbParamMin",
    "KbParamMax",
    "KtParamDataTypeStr",
    "KtParamMin",
    "KtParamMax",
    "KbOutDataTypeStr",
    "KbOutMin",
    "KbOutMax",
    "KtOutDataTypeStr",
    "KtOutMin",
    "KtOutMax",
    "IntegratorOutDataTypeStr",
    "IntegratorOutMin",
    "IntegratorOutMax",
    "FilterOutDataTypeStr",
    "FilterOutMin",
    "FilterOutMax",
    "SumI1OutDataTypeStr",
    "SumI1OutMin",
    "SumI1OutMax",
    "SumI2OutDataTypeStr",
    "SumI2OutMin",
    "SumI2OutMax",
    "SumI3OutDataTypeStr",
    "SumI3OutMin",
    "SumI3OutMax",
    "SumI4OutDataTypeStr",
    "SumI4OutMin",
    "SumI4OutMax",
    "SumDOutDataTypeStr",
    "SumDOutMin",
    "SumDOutMax",
    "SumAccumDataTypeStr",
    "SumI1AccumDataTypeStr",
    "SumI2AccumDataTypeStr",
    "SumI3AccumDataTypeStr",
    "SumI4AccumDataTypeStr",
    "SumDAccumDataTypeStr",
    "DifferentiatorOutDataTypeStr",
    "DifferentiatorOutMin",
    "DifferentiatorOutMax",
    "FilterDiffNumProductOutputDataTypeStr",
    "FilterDiffDenProductOutputDataTypeStr",
    "FilterDiffNumAccumDataTypeStr",
    "FilterDiffDenAccumDataTypeStr",
    "FilterDiffOutCoefDataTypeStr",
    "FilterDiffOutCoefMin",
    "FilterDiffOutCoefMax",
    "ReciprocalOutDataTypeStr",
    "ReciprocalOutMin",
    "ReciprocalOutMax",
    "SumDenOutDataTypeStr",
    "SumDenOutMin",
    "SumDenOutMax",
    "SumNumOutDataTypeStr",
    "SumNumOutMin",
    "SumNumOutMax",
    "SumDenAccumDataTypeStr",
    "SumNumAccumDataTypeStr",
    "DivideOutDataTypeStr",
    "DivideOutMin",
    "DivideOutMax",
    "UdiffTsProdOutDataTypeStr",
    "UdiffTsProdOutMin",
    "UdiffTsProdOutMax",
    "NTsProdOutDataTypeStr",
    "NTsProdOutMin",
    "NTsProdOutMax",
    "UintegralTsProdOutDataTypeStr",
    "UintegralTsProdOutMin",
    "UintegralTsProdOutMax",
    "UngainTsProdOutDataTypeStr",
    "UngainTsProdOutMin",
    "UngainTsProdOutMax",
    "IntegratorContinuousStateAttributes",
    "IntegratorStateIdentifier",
    "IntegratorStateMustResolveToSignalObject",
    "FilterContinuousStateAttributes",
    "FilterStateIdentifier",
    "FilterStateMustResolveToSignalObject"
   ],
   "values":[
    "PID",
    "Parallel",
    "Continuous-time",
    "off",
    "-1",
    "Forward Euler",
    "Forward Euler",
    "internal",
    "346.561634373648",
    "5196.11358566994",
    "5.1030932721332",
    "on",
    "291877.682604727",
    "Transfer Function Based (PID Tuner App)",
    "on",
    "internal",
    "0",
    "0",
    "0",
    "none",
    "off",
    "off",
    "1",
    "off",
    "internal",
    "inf",
    "-inf",
    "on",
    "none",
    "1",
    "Floor",
    "off",
    "off",
    "Inherit: Inherit via internal rule",
    "Inherit: Inherit via internal rule",
    "[]",
    "[]",
    "Inherit: Inherit via internal rule",
    "Inherit: Inherit via internal rule",
    "[]",
    "[]",
    "Inherit: Inherit via internal rule",
    "Inherit: Inherit via internal rule",
    "[]",
    "[]",
    "Inherit: Inherit via internal rule",
    "Inherit: Inherit via internal rule",
    "[]",
    "[]",
    "Inherit: Inherit via internal rule",
    "[]",
    "[]",
    "Inherit: Same as input",
    "[]",
    "[]",
    "Inherit: Inherit via internal rule",
    "[]",
    "[]",
    "Inherit: Inherit via internal rule",
    "[]",
    "[]",
    "Inherit: Inherit via internal rule",
    "[]",
    "[]",
    "Inherit: Inherit via internal rule",
    "[]",
    "[]",
    "Inherit: Inherit via internal rule",
    "[]",
    "[]",
    "Inherit: Inherit via internal rule",
    "[]",
    "[]",
    "Inherit: Inherit via internal rule",
    "[]",
    "[]",
    "Inherit: Inherit via internal rule",
    "[]",
    "[]",
    "Inherit: Inherit via internal rule",
    "[]",
    "[]",
    "Inherit: Inherit via internal rule",
    "[]",
    "[]",
    "Inherit: Inherit via internal rule",
    "[]",
    "[]",
    "Inherit: Inherit via internal rule",
    "[]",
    "[]",
    "Inherit: Inherit via internal rule",
    "[]",
    "[]",
    "Inherit: Inherit via internal rule",
    "[]",
    "[]",
    "Inherit: Inherit via internal rule",
    "[]",
    "[]",
    "Inherit: Inherit via internal rule",
    "Inherit: Inherit via internal rule",
    "Inherit: Inherit via internal rule",
    "Inherit: Inherit via internal rule",
    "Inherit: Inherit via internal rule",
    "Inherit: Inherit via internal rule",
    "Inherit: Inherit via internal rule",
    "[]",
    "[]",
    "Inherit: Inherit via internal rule",
    "Inherit: Inherit via internal rule",
    "Inherit: Inherit via internal rule",
    "Inherit: Inherit via internal rule",
    "Inherit: Inherit via internal rule",
    "[]",
    "[]",
    "Inherit: Inherit via internal rule",
    "[]",
    "[]",
    "Inherit: Inherit via internal rule",
    "[]",
    "[]",
    "Inherit: Inherit via internal rule",
    "[]",
    "[]",
    "Inherit: Inherit via internal rule",
    "Inherit: Inherit via internal rule",
    "Inherit: Inherit via internal rule",
    "[]",
    "[]",
    "Inherit: Inherit via internal rule",
    "[]",
    "[]",
    "Inherit: Inherit via internal rule",
    "[]",
    "[]",
    "Inherit: Inherit via internal rule",
    "[]",
    "[]",
    "Inherit: Inherit via internal rule",
    "[]",
    "[]",
    "''",
    "",
    "off",
    "''",
    "",
    "off"
   ],
   "tabs":[
   ],
   "tabs_idx":[
   ]
  },
  "viewer":{
   "jshandler":"webview/handlers/ElementHandler"
  },
  "obj_viewer":[
  ],
  "finder":{
   "blocktype":"SubSystem",
   "masktype":"PID 1dof"
  }
 },
 {
  "sid":"Part2:5",
  "className":"Simulink.Sum",
  "icon":"Part21",
  "name":"Sum1",
  "label":"Sum1",
  "parent":"Part2",
  "inspector":{
   "params":[
    "IconShape",
    "Inputs",
    "InputSameDT",
    "AccumDataTypeStr",
    "OutMin",
    "OutMax",
    "OutDataTypeStr",
    "LockScale",
    "RndMeth",
    "SaturateOnIntegerOverflow",
    "CollapseDim",
    "CollapseMode",
    "SampleTime"
   ],
   "values":[
    "round",
    "|+-",
    "off",
    "Inherit: Inherit via internal rule",
    "[]",
    "[]",
    "Inherit: Inherit via internal rule",
    "off",
    "Floor",
    "off",
    "1",
    "All dimensions",
    "-1"
   ],
   "tabs":[
    "Main",
    "Signal Attributes",
    "-Other"
   ],
   "tabs_idx":[
    0,
    2,
    10
   ]
  },
  "viewer":{
   "jshandler":"webview/handlers/ElementHandler"
  },
  "obj_viewer":[
  ],
  "finder":{
   "blocktype":"Sum",
   "masktype":""
  }
 },
 {
  "sid":"Part2:7",
  "className":"Simulink.TransferFcn",
  "icon":"Part21",
  "name":"Transfer Fcn",
  "label":"Transfer Fcn",
  "parent":"Part2",
  "inspector":{
   "params":[
    "Numerator",
    "Denominator",
    "ParameterTunability",
    "AbsoluteTolerance",
    "ContinuousStateAttributes"
   ],
   "values":[
    "[1]",
    "[.1 1]",
    "Auto",
    "auto",
    "''"
   ],
   "tabs":[
    "Parameter Attributes"
   ],
   "tabs_idx":0
  },
  "viewer":{
   "jshandler":"webview/handlers/ElementHandler"
  },
  "obj_viewer":[
  ],
  "finder":{
   "blocktype":"TransferFcn",
   "masktype":""
  }
 },
 {
  "sid":"Part2:8",
  "className":"Simulink.Gain",
  "icon":"Part21",
  "name":"KM",
  "label":"KM",
  "parent":"Part2",
  "inspector":{
   "params":[
    "Gain",
    "Multiplication",
    "OutMin",
    "OutMax",
    "OutDataTypeStr",
    "LockScale",
    "RndMeth",
    "SaturateOnIntegerOverflow",
    "ParamMin",
    "ParamMax",
    "ParamDataTypeStr",
    "SampleTime"
   ],
   "values":[
    "1.5",
    "Element-wise(K.*u)",
    "[]",
    "[]",
    "Inherit: Inherit via internal rule",
    "off",
    "Floor",
    "off",
    "[]",
    "[]",
    "Inherit: Inherit via internal rule",
    "-1"
   ],
   "tabs":[
    "Main",
    "Signal Attributes",
    "Parameter Attributes",
    "-Other"
   ],
   "tabs_idx":[
    0,
    2,
    8,
    11
   ]
  },
  "viewer":{
   "jshandler":"webview/handlers/ElementHandler"
  },
  "obj_viewer":[
  ],
  "finder":{
   "blocktype":"Gain",
   "masktype":""
  }
 },
 {
  "sid":"Part2:9",
  "className":"Simulink.Gain",
  "icon":"Part21",
  "name":"KB",
  "label":"KB",
  "parent":"Part2",
  "inspector":{
   "params":[
    "Gain",
    "Multiplication",
    "OutMin",
    "OutMax",
    "OutDataTypeStr",
    "LockScale",
    "RndMeth",
    "SaturateOnIntegerOverflow",
    "ParamMin",
    "ParamMax",
    "ParamDataTypeStr",
    "SampleTime"
   ],
   "values":[
    "1.5",
    "Element-wise(K.*u)",
    "[]",
    "[]",
    "Inherit: Inherit via internal rule",
    "off",
    "Floor",
    "off",
    "[]",
    "[]",
    "Inherit: Inherit via internal rule",
    "-1"
   ],
   "tabs":[
    "Main",
    "Signal Attributes",
    "Parameter Attributes",
    "-Other"
   ],
   "tabs_idx":[
    0,
    2,
    8,
    11
   ]
  },
  "viewer":{
   "jshandler":"webview/handlers/ElementHandler"
  },
  "obj_viewer":[
  ],
  "finder":{
   "blocktype":"Gain",
   "masktype":""
  }
 },
 {
  "sid":"Part2:10",
  "className":"Simulink.Gain",
  "icon":"Part21",
  "name":"KT",
  "label":"KT",
  "parent":"Part2",
  "inspector":{
   "params":[
    "Gain",
    "Multiplication",
    "OutMin",
    "OutMax",
    "OutDataTypeStr",
    "LockScale",
    "RndMeth",
    "SaturateOnIntegerOverflow",
    "ParamMin",
    "ParamMax",
    "ParamDataTypeStr",
    "SampleTime"
   ],
   "values":[
    ".2",
    "Element-wise(K.*u)",
    "[]",
    "[]",
    "Inherit: Inherit via internal rule",
    "off",
    "Floor",
    "off",
    "[]",
    "[]",
    "Inherit: Inherit via internal rule",
    "-1"
   ],
   "tabs":[
    "Main",
    "Signal Attributes",
    "Parameter Attributes",
    "-Other"
   ],
   "tabs_idx":[
    0,
    2,
    8,
    11
   ]
  },
  "viewer":{
   "jshandler":"webview/handlers/ElementHandler"
  },
  "obj_viewer":[
  ],
  "finder":{
   "blocktype":"Gain",
   "masktype":""
  }
 },
 {
  "sid":"Part2:11",
  "className":"Simulink.Scope",
  "icon":"Part21",
  "name":"Scope",
  "label":"Scope",
  "parent":"Part2",
  "inspector":[
  ],
  "viewer":{
   "jshandler":"webview/handlers/ElementHandler"
  },
  "obj_viewer":[
  ],
  "finder":{
   "blocktype":"Scope",
   "masktype":""
  }
 },
 {
  "sid":"Part2:13",
  "className":"Simulink.TransferFcn",
  "icon":"Part21",
  "name":"Transfer Fcn1",
  "label":"Transfer Fcn1",
  "parent":"Part2",
  "inspector":{
   "params":[
    "Numerator",
    "Denominator",
    "ParameterTunability",
    "AbsoluteTolerance",
    "ContinuousStateAttributes"
   ],
   "values":[
    "[1]",
    "[.006,0]",
    "Auto",
    "auto",
    "''"
   ],
   "tabs":[
    "Parameter Attributes"
   ],
   "tabs_idx":0
  },
  "viewer":{
   "jshandler":"webview/handlers/ElementHandler"
  },
  "obj_viewer":[
  ],
  "finder":{
   "blocktype":"TransferFcn",
   "masktype":""
  }
 },
 {
  "sid":"Part2:7#out:1",
  "className":"Simulink.Line",
  "icon":"Part22",
  "name":"",
  "label":"",
  "parent":"Part2",
  "inspector":{
   "params":[
    "SignalNameFromLabel",
    "MustResolveToSignal",
    "ShowPropagatedSignal",
    "DataLogging",
    "TestPoint",
    "SignalObjectPackage",
    "StorageClass",
    "Description",
    "documentLink"
   ],
   "values":[
    "",
    "off",
    "off",
    "off",
    "off",
    "Simulink",
    "Auto",
    "",
    ""
   ],
   "tabs":[
    "Parameter Attributes",
    "Logging and Accessibility",
    "Code Generation",
    "Documentation"
   ],
   "tabs_idx":[
    0,
    3,
    5,
    7
   ]
  },
  "viewer":{
   "jshandler":"webview/handlers/ElementHandler"
  },
  "obj_viewer":[
  ],
  "finder":[
  ]
 },
 {
  "sid":"Part2:1#out:1",
  "className":"Simulink.Line",
  "icon":"Part22",
  "name":"",
  "label":"",
  "parent":"Part2",
  "inspector":{
   "params":[
    "SignalNameFromLabel",
    "MustResolveToSignal",
    "ShowPropagatedSignal",
    "DataLogging",
    "TestPoint",
    "SignalObjectPackage",
    "StorageClass",
    "Description",
    "documentLink"
   ],
   "values":[
    "",
    "off",
    "off",
    "off",
    "off",
    "Simulink",
    "Auto",
    "",
    ""
   ],
   "tabs":[
    "Parameter Attributes",
    "Logging and Accessibility",
    "Code Generation",
    "Documentation"
   ],
   "tabs_idx":[
    0,
    3,
    5,
    7
   ]
  },
  "viewer":{
   "jshandler":"webview/handlers/ElementHandler"
  },
  "obj_viewer":[
  ],
  "finder":[
  ]
 },
 {
  "sid":"Part2:2#out:1",
  "className":"Simulink.Line",
  "icon":"Part22",
  "name":"",
  "label":"",
  "parent":"Part2",
  "inspector":{
   "params":[
    "SignalNameFromLabel",
    "MustResolveToSignal",
    "ShowPropagatedSignal",
    "DataLogging",
    "TestPoint",
    "SignalObjectPackage",
    "StorageClass",
    "Description",
    "documentLink"
   ],
   "values":[
    "",
    "off",
    "off",
    "off",
    "off",
    "Simulink",
    "Auto",
    "",
    ""
   ],
   "tabs":[
    "Parameter Attributes",
    "Logging and Accessibility",
    "Code Generation",
    "Documentation"
   ],
   "tabs_idx":[
    0,
    3,
    5,
    7
   ]
  },
  "viewer":{
   "jshandler":"webview/handlers/ElementHandler"
  },
  "obj_viewer":[
  ],
  "finder":[
  ]
 },
 {
  "sid":"Part2:9#out:1",
  "className":"Simulink.Line",
  "icon":"Part22",
  "name":"",
  "label":"",
  "parent":"Part2",
  "inspector":{
   "params":[
    "SignalNameFromLabel",
    "MustResolveToSignal",
    "ShowPropagatedSignal",
    "DataLogging",
    "TestPoint",
    "SignalObjectPackage",
    "StorageClass",
    "Description",
    "documentLink"
   ],
   "values":[
    "",
    "off",
    "off",
    "off",
    "off",
    "Simulink",
    "Auto",
    "",
    ""
   ],
   "tabs":[
    "Parameter Attributes",
    "Logging and Accessibility",
    "Code Generation",
    "Documentation"
   ],
   "tabs_idx":[
    0,
    3,
    5,
    7
   ]
  },
  "viewer":{
   "jshandler":"webview/handlers/ElementHandler"
  },
  "obj_viewer":[
  ],
  "finder":[
  ]
 },
 {
  "sid":"Part2:5#out:1",
  "className":"Simulink.Line",
  "icon":"Part22",
  "name":"",
  "label":"",
  "parent":"Part2",
  "inspector":{
   "params":[
    "SignalNameFromLabel",
    "MustResolveToSignal",
    "ShowPropagatedSignal",
    "DataLogging",
    "TestPoint",
    "SignalObjectPackage",
    "StorageClass",
    "Description",
    "documentLink"
   ],
   "values":[
    "",
    "off",
    "off",
    "off",
    "off",
    "Simulink",
    "Auto",
    "",
    ""
   ],
   "tabs":[
    "Parameter Attributes",
    "Logging and Accessibility",
    "Code Generation",
    "Documentation"
   ],
   "tabs_idx":[
    0,
    3,
    5,
    7
   ]
  },
  "viewer":{
   "jshandler":"webview/handlers/ElementHandler"
  },
  "obj_viewer":[
  ],
  "finder":[
  ]
 },
 {
  "sid":"Part2:3#out:1",
  "className":"Simulink.Line",
  "icon":"Part22",
  "name":"",
  "label":"",
  "parent":"Part2",
  "inspector":{
   "params":[
    "SignalNameFromLabel",
    "MustResolveToSignal",
    "ShowPropagatedSignal",
    "DataLogging",
    "TestPoint",
    "SignalObjectPackage",
    "StorageClass",
    "Description",
    "documentLink"
   ],
   "values":[
    "",
    "off",
    "off",
    "off",
    "off",
    "Simulink",
    "Auto",
    "",
    ""
   ],
   "tabs":[
    "Parameter Attributes",
    "Logging and Accessibility",
    "Code Generation",
    "Documentation"
   ],
   "tabs_idx":[
    0,
    3,
    5,
    7
   ]
  },
  "viewer":{
   "jshandler":"webview/handlers/ElementHandler"
  },
  "obj_viewer":[
  ],
  "finder":[
  ]
 },
 {
  "sid":"Part2:8#out:1",
  "className":"Simulink.Line",
  "icon":"Part22",
  "name":"",
  "label":"",
  "parent":"Part2",
  "inspector":{
   "params":[
    "SignalNameFromLabel",
    "MustResolveToSignal",
    "ShowPropagatedSignal",
    "DataLogging",
    "TestPoint",
    "SignalObjectPackage",
    "StorageClass",
    "Description",
    "documentLink"
   ],
   "values":[
    "",
    "off",
    "off",
    "off",
    "off",
    "Simulink",
    "Auto",
    "",
    ""
   ],
   "tabs":[
    "Parameter Attributes",
    "Logging and Accessibility",
    "Code Generation",
    "Documentation"
   ],
   "tabs_idx":[
    0,
    3,
    5,
    7
   ]
  },
  "viewer":{
   "jshandler":"webview/handlers/ElementHandler"
  },
  "obj_viewer":[
  ],
  "finder":[
  ]
 },
 {
  "sid":"Part2:13#out:1",
  "className":"Simulink.Line",
  "icon":"Part22",
  "name":"",
  "label":"",
  "parent":"Part2",
  "inspector":{
   "params":[
    "SignalNameFromLabel",
    "MustResolveToSignal",
    "ShowPropagatedSignal",
    "DataLogging",
    "TestPoint",
    "SignalObjectPackage",
    "StorageClass",
    "Description",
    "documentLink"
   ],
   "values":[
    "",
    "off",
    "off",
    "off",
    "off",
    "Simulink",
    "Auto",
    "",
    ""
   ],
   "tabs":[
    "Parameter Attributes",
    "Logging and Accessibility",
    "Code Generation",
    "Documentation"
   ],
   "tabs_idx":[
    0,
    3,
    5,
    7
   ]
  },
  "viewer":{
   "jshandler":"webview/handlers/ElementHandler"
  },
  "obj_viewer":[
  ],
  "finder":[
  ]
 },
 {
  "sid":"Part2:10#out:1",
  "className":"Simulink.Line",
  "icon":"Part22",
  "name":"",
  "label":"",
  "parent":"Part2",
  "inspector":{
   "params":[
    "SignalNameFromLabel",
    "MustResolveToSignal",
    "ShowPropagatedSignal",
    "DataLogging",
    "TestPoint",
    "SignalObjectPackage",
    "StorageClass",
    "Description",
    "documentLink"
   ],
   "values":[
    "",
    "off",
    "off",
    "off",
    "off",
    "Simulink",
    "Auto",
    "",
    ""
   ],
   "tabs":[
    "Parameter Attributes",
    "Logging and Accessibility",
    "Code Generation",
    "Documentation"
   ],
   "tabs_idx":[
    0,
    3,
    5,
    7
   ]
  },
  "viewer":{
   "jshandler":"webview/handlers/ElementHandler"
  },
  "obj_viewer":[
  ],
  "finder":[
  ]
 }
]