[
 {
  "hid":1,
  "sid":"Part2",
  "esid":"",
  "parent":0,
  "children":[
  ],
  "name":"Part2",
  "fullname":"Part2",
  "label":"Part2",
  "icon":"Part20",
  "svg":"support/slwebview_files/Part2_d.svg",
  "thumbnail":"support/slwebview_files/Part2_d.png",
  "backingUrl":"support/slwebview_files/Part2_d.json",
  "elements":[
   ":1",
   ":2",
   ":3",
   ":5",
   ":7",
   ":8",
   ":9",
   ":10",
   ":11",
   ":13",
   ":7#out:1",
   ":1#out:1",
   ":2#out:1",
   ":9#out:1",
   ":5#out:1",
   ":3#out:1",
   ":8#out:1",
   ":13#out:1",
   ":10#out:1"
  ],
  "sameAsElement":false
 }
]