{
 "baseUrl":"support/slwebview_files",
 "homeHid":1,
 "initialElement":"",
 "sections":[
  {
   "hid":1,
   "sid":"StateflowOnramp",
   "name":"StateflowOnramp",
   "fullname":"StateflowOnramp",
   "label":"StateflowOnramp",
   "parent":0,
   "descendants":[
    2,
    3,
    4,
    10,
    5,
    7,
    8,
    9,
    6
   ],
   "hierarchyUrl":"support/slwebview_files/StateflowOnramp_h_1.json",
   "backingUrl":"support/slwebview_files/StateflowOnramp_m.json"
  }
 ],
 "optViews":[
 ],
 "display":{
  "informer":false
 },
 "iconsUrl":"support/slwebview_files/StateflowOnramp_icons.css"
}