[
 {
  "sid":"Project:15",
  "className":"Simulink.SubSystem",
  "icon":"Project1",
  "name":"Robotic Leg Plant",
  "label":"Robotic Leg Plant",
  "parent":"Project",
  "inspector":{
   "params":[
    "ShowPortLabels",
    "Permissions",
    "ErrorFcn",
    "PermitHierarchicalResolution",
    "TreatAsAtomicUnit",
    "TreatAsGroupedWhenPropagatingVariantConditions",
    "RTWSystemCode",
    "AllowZeroVariantControls",
    "AutoFrameSizeCalculation",
    "BlockChoice",
    "CompiledActiveChoiceBlock",
    "CompiledActiveChoiceControl",
    "ExecutionDomainType",
    "FunctionInterfaceSpec",
    "FunctionWithSeparateData",
    "IsSubsystemVirtual",
    "LabelModeActiveChoice",
    "Latency",
    "MemberBlocks",
    "MinAlgLoopOccurrences",
    "PartitionName",
    "PropagateVariantConditions",
    "RTWFcnName",
    "RTWFcnNameOpts",
    "RTWFileName",
    "RTWFileNameOpts",
    "RTWMemSecDataConstants",
    "RTWMemSecDataInternal",
    "RTWMemSecDataParameters",
    "RTWMemSecFuncExecute",
    "RTWMemSecFuncInitTerm",
    "ReferencedSubsystem",
    "ScheduleAs",
    "SetExecutionDomain",
    "SystemSampleTime",
    "TemplateBlock",
    "Variant",
    "VariantActivationTime",
    "VariantChoices",
    "VariantControl",
    "VariantControlMode"
   ],
   "values":[
    "FromPortIcon",
    "ReadWrite",
    "",
    "All",
    "off",
    "on",
    "Auto",
    "off",
    "off",
    "",
    "",
    "",
    "Deduce",
    "void_void",
    "off",
    "on",
    "",
    "0",
    "",
    "off",
    "",
    "off",
    "",
    "Auto",
    "",
    "Auto",
    "Inherit from model",
    "Inherit from model",
    "Inherit from model",
    "Inherit from model",
    "Inherit from model",
    "",
    "Sample time",
    "off",
    "-1",
    "",
    "off",
    "update diagram",
    [
    ],
    "",
    "expression"
   ],
   "tabs":[
    "Main",
    "Code Generation",
    "-Other"
   ],
   "tabs_idx":[
    0,
    6,
    7
   ]
  },
  "viewer":{
   "jshandler":"webview/handlers/ElementHandler"
  },
  "obj_viewer":[
  ],
  "finder":{
   "blocktype":"SubSystem",
   "masktype":""
  }
 },
 {
  "sid":"Project:27",
  "className":"Simulink.Sum",
  "icon":"Project2",
  "name":"Sum",
  "label":"Sum",
  "parent":"Project",
  "inspector":{
   "params":[
    "IconShape",
    "Inputs",
    "InputSameDT",
    "AccumDataTypeStr",
    "OutMin",
    "OutMax",
    "OutDataTypeStr",
    "LockScale",
    "RndMeth",
    "SaturateOnIntegerOverflow",
    "CollapseDim",
    "CollapseMode",
    "SampleTime"
   ],
   "values":[
    "round",
    "|+-",
    "off",
    "Inherit: Inherit via internal rule",
    "[]",
    "[]",
    "Inherit: Inherit via internal rule",
    "off",
    "Floor",
    "off",
    "1",
    "All dimensions",
    "-1"
   ],
   "tabs":[
    "Main",
    "Signal Attributes",
    "-Other"
   ],
   "tabs_idx":[
    0,
    2,
    10
   ]
  },
  "viewer":{
   "jshandler":"webview/handlers/ElementHandler"
  },
  "obj_viewer":[
  ],
  "finder":{
   "blocktype":"Sum",
   "masktype":""
  }
 },
 {
  "sid":"Project:26",
  "className":"Simulink.Step",
  "icon":"Project2",
  "name":"Step",
  "label":"Step",
  "parent":"Project",
  "inspector":{
   "params":[
    "Time",
    "Before",
    "After",
    "SampleTime",
    "VectorParams1D",
    "ZeroCross",
    "OutDataTypeStr"
   ],
   "values":[
    "1",
    "0",
    "10",
    "0",
    "on",
    "on",
    "double"
   ],
   "tabs":[
    "Main",
    "Signal Attributes"
   ],
   "tabs_idx":[
    0,
    6
   ]
  },
  "viewer":{
   "jshandler":"webview/handlers/ElementHandler"
  },
  "obj_viewer":[
  ],
  "finder":{
   "blocktype":"Step",
   "masktype":""
  }
 },
 {
  "sid":"Project:28",
  "className":"PID 1dof",
  "icon":"Project2",
  "name":"PID Controller",
  "label":"PID Controller",
  "parent":"Project",
  "inspector":{
   "params":[
    "Controller",
    "Form",
    "TimeDomain",
    "UseExternalTs",
    "SampleTime",
    "IntegratorMethod",
    "FilterMethod",
    "ControllerParametersSource",
    "P",
    "I",
    "D",
    "UseFilter",
    "N",
    "TunerSelectOption",
    "ZeroCross",
    "InitialConditionSource",
    "InitialConditionForIntegrator",
    "InitialConditionForFilter",
    "DifferentiatorICPrevScaledInput",
    "ExternalReset",
    "IgnoreLimit",
    "TrackingMode",
    "Kt",
    "LimitOutput",
    "SatLimitsSource",
    "UpperSaturationLimit",
    "LowerSaturationLimit",
    "LinearizeAsGain",
    "AntiWindupMode",
    "Kb",
    "RndMeth",
    "SaturateOnIntegerOverflow",
    "LockScale",
    "PGainOutDataTypeStr",
    "PProdOutDataTypeStr",
    "POutMin",
    "POutMax",
    "IGainOutDataTypeStr",
    "IProdOutDataTypeStr",
    "IOutMin",
    "IOutMax",
    "DGainOutDataTypeStr",
    "DProdOutDataTypeStr",
    "DOutMin",
    "DOutMax",
    "NGainOutDataTypeStr",
    "NProdOutDataTypeStr",
    "NOutMin",
    "NOutMax",
    "SumOutDataTypeStr",
    "SumOutMin",
    "SumOutMax",
    "SaturationOutDataTypeStr",
    "SaturationOutMin",
    "SaturationOutMax",
    "PParamDataTypeStr",
    "PParamMin",
    "PParamMax",
    "IParamDataTypeStr",
    "IParamMin",
    "IParamMax",
    "DParamDataTypeStr",
    "DParamMin",
    "DParamMax",
    "NParamDataTypeStr",
    "NParamMin",
    "NParamMax",
    "KbParamDataTypeStr",
    "KbParamMin",
    "KbParamMax",
    "KtParamDataTypeStr",
    "KtParamMin",
    "KtParamMax",
    "KbOutDataTypeStr",
    "KbOutMin",
    "KbOutMax",
    "KtOutDataTypeStr",
    "KtOutMin",
    "KtOutMax",
    "IntegratorOutDataTypeStr",
    "IntegratorOutMin",
    "IntegratorOutMax",
    "FilterOutDataTypeStr",
    "FilterOutMin",
    "FilterOutMax",
    "SumI1OutDataTypeStr",
    "SumI1OutMin",
    "SumI1OutMax",
    "SumI2OutDataTypeStr",
    "SumI2OutMin",
    "SumI2OutMax",
    "SumI3OutDataTypeStr",
    "SumI3OutMin",
    "SumI3OutMax",
    "SumI4OutDataTypeStr",
    "SumI4OutMin",
    "SumI4OutMax",
    "SumDOutDataTypeStr",
    "SumDOutMin",
    "SumDOutMax",
    "SumAccumDataTypeStr",
    "SumI1AccumDataTypeStr",
    "SumI2AccumDataTypeStr",
    "SumI3AccumDataTypeStr",
    "SumI4AccumDataTypeStr",
    "SumDAccumDataTypeStr",
    "DifferentiatorOutDataTypeStr",
    "DifferentiatorOutMin",
    "DifferentiatorOutMax",
    "FilterDiffNumProductOutputDataTypeStr",
    "FilterDiffDenProductOutputDataTypeStr",
    "FilterDiffNumAccumDataTypeStr",
    "FilterDiffDenAccumDataTypeStr",
    "FilterDiffOutCoefDataTypeStr",
    "FilterDiffOutCoefMin",
    "FilterDiffOutCoefMax",
    "ReciprocalOutDataTypeStr",
    "ReciprocalOutMin",
    "ReciprocalOutMax",
    "SumDenOutDataTypeStr",
    "SumDenOutMin",
    "SumDenOutMax",
    "SumNumOutDataTypeStr",
    "SumNumOutMin",
    "SumNumOutMax",
    "SumDenAccumDataTypeStr",
    "SumNumAccumDataTypeStr",
    "DivideOutDataTypeStr",
    "DivideOutMin",
    "DivideOutMax",
    "UdiffTsProdOutDataTypeStr",
    "UdiffTsProdOutMin",
    "UdiffTsProdOutMax",
    "NTsProdOutDataTypeStr",
    "NTsProdOutMin",
    "NTsProdOutMax",
    "UintegralTsProdOutDataTypeStr",
    "UintegralTsProdOutMin",
    "UintegralTsProdOutMax",
    "UngainTsProdOutDataTypeStr",
    "UngainTsProdOutMin",
    "UngainTsProdOutMax",
    "IntegratorContinuousStateAttributes",
    "IntegratorStateIdentifier",
    "IntegratorStateMustResolveToSignalObject",
    "FilterContinuousStateAttributes",
    "FilterStateIdentifier",
    "FilterStateMustResolveToSignalObject"
   ],
   "values":[
    "PID",
    "Parallel",
    "Continuous-time",
    "off",
    "-1",
    "Forward Euler",
    "Forward Euler",
    "internal",
    "15.1884205786453",
    "27.9712713988502",
    "1.80987782269886",
    "on",
    "3274.28845224605",
    "Transfer Function Based (PID Tuner App)",
    "on",
    "internal",
    "0",
    "0",
    "0",
    "none",
    "off",
    "off",
    "1",
    "off",
    "internal",
    "inf",
    "-inf",
    "on",
    "none",
    "1",
    "Floor",
    "off",
    "off",
    "Inherit: Inherit via internal rule",
    "Inherit: Inherit via internal rule",
    "[]",
    "[]",
    "Inherit: Inherit via internal rule",
    "Inherit: Inherit via internal rule",
    "[]",
    "[]",
    "Inherit: Inherit via internal rule",
    "Inherit: Inherit via internal rule",
    "[]",
    "[]",
    "Inherit: Inherit via internal rule",
    "Inherit: Inherit via internal rule",
    "[]",
    "[]",
    "Inherit: Inherit via internal rule",
    "[]",
    "[]",
    "Inherit: Same as input",
    "[]",
    "[]",
    "Inherit: Inherit via internal rule",
    "[]",
    "[]",
    "Inherit: Inherit via internal rule",
    "[]",
    "[]",
    "Inherit: Inherit via internal rule",
    "[]",
    "[]",
    "Inherit: Inherit via internal rule",
    "[]",
    "[]",
    "Inherit: Inherit via internal rule",
    "[]",
    "[]",
    "Inherit: Inherit via internal rule",
    "[]",
    "[]",
    "Inherit: Inherit via internal rule",
    "[]",
    "[]",
    "Inherit: Inherit via internal rule",
    "[]",
    "[]",
    "Inherit: Inherit via internal rule",
    "[]",
    "[]",
    "Inherit: Inherit via internal rule",
    "[]",
    "[]",
    "Inherit: Inherit via internal rule",
    "[]",
    "[]",
    "Inherit: Inherit via internal rule",
    "[]",
    "[]",
    "Inherit: Inherit via internal rule",
    "[]",
    "[]",
    "Inherit: Inherit via internal rule",
    "[]",
    "[]",
    "Inherit: Inherit via internal rule",
    "[]",
    "[]",
    "Inherit: Inherit via internal rule",
    "Inherit: Inherit via internal rule",
    "Inherit: Inherit via internal rule",
    "Inherit: Inherit via internal rule",
    "Inherit: Inherit via internal rule",
    "Inherit: Inherit via internal rule",
    "Inherit: Inherit via internal rule",
    "[]",
    "[]",
    "Inherit: Inherit via internal rule",
    "Inherit: Inherit via internal rule",
    "Inherit: Inherit via internal rule",
    "Inherit: Inherit via internal rule",
    "Inherit: Inherit via internal rule",
    "[]",
    "[]",
    "Inherit: Inherit via internal rule",
    "[]",
    "[]",
    "Inherit: Inherit via internal rule",
    "[]",
    "[]",
    "Inherit: Inherit via internal rule",
    "[]",
    "[]",
    "Inherit: Inherit via internal rule",
    "Inherit: Inherit via internal rule",
    "Inherit: Inherit via internal rule",
    "[]",
    "[]",
    "Inherit: Inherit via internal rule",
    "[]",
    "[]",
    "Inherit: Inherit via internal rule",
    "[]",
    "[]",
    "Inherit: Inherit via internal rule",
    "[]",
    "[]",
    "Inherit: Inherit via internal rule",
    "[]",
    "[]",
    "''",
    "",
    "off",
    "''",
    "",
    "off"
   ],
   "tabs":[
   ],
   "tabs_idx":[
   ]
  },
  "viewer":{
   "jshandler":"webview/handlers/ElementHandler"
  },
  "obj_viewer":[
  ],
  "finder":{
   "blocktype":"SubSystem",
   "masktype":"PID 1dof"
  }
 },
 {
  "sid":"Project:49",
  "className":"Simulink.Scope",
  "icon":"Project2",
  "name":"Scope1",
  "label":"Scope1",
  "parent":"Project",
  "inspector":[
  ],
  "viewer":{
   "jshandler":"webview/handlers/ElementHandler"
  },
  "obj_viewer":[
  ],
  "finder":{
   "blocktype":"Scope",
   "masktype":""
  }
 },
 {
  "sid":"Project:50",
  "className":"Simulink.Scope",
  "icon":"Project2",
  "name":"Scope",
  "label":"Scope",
  "parent":"Project",
  "inspector":[
  ],
  "viewer":{
   "jshandler":"webview/handlers/ElementHandler"
  },
  "obj_viewer":[
  ],
  "finder":{
   "blocktype":"Scope",
   "masktype":""
  }
 },
 {
  "sid":"Project:51",
  "className":"Simulink.TransferFcn",
  "icon":"Project2",
  "name":"Transfer Fcn",
  "label":"Transfer Fcn",
  "parent":"Project",
  "inspector":{
   "params":[
    "Numerator",
    "Denominator",
    "ParameterTunability",
    "AbsoluteTolerance",
    "ContinuousStateAttributes"
   ],
   "values":[
    "[8.977e04 7.512e05 1.384e06]",
    "[1 3271 9.841e04 8.125e05  1.384e06]",
    "Auto",
    "auto",
    "''"
   ],
   "tabs":[
    "Parameter Attributes"
   ],
   "tabs_idx":0
  },
  "viewer":{
   "jshandler":"webview/handlers/ElementHandler"
  },
  "obj_viewer":[
  ],
  "finder":{
   "blocktype":"TransferFcn",
   "masktype":""
  }
 },
 {
  "sid":"Project:26#out:1",
  "className":"Simulink.Line",
  "icon":"Project3",
  "name":"reference",
  "label":"reference",
  "parent":"Project",
  "inspector":{
   "params":[
    "SignalNameFromLabel",
    "MustResolveToSignal",
    "ShowPropagatedSignal",
    "DataLogging",
    "TestPoint",
    "SignalObjectPackage",
    "StorageClass",
    "Description",
    "documentLink"
   ],
   "values":[
    "reference",
    "off",
    "off",
    "off",
    "off",
    "Simulink",
    "Auto",
    "",
    ""
   ],
   "tabs":[
    "Parameter Attributes",
    "Logging and Accessibility",
    "Code Generation",
    "Documentation"
   ],
   "tabs_idx":[
    0,
    3,
    5,
    7
   ]
  },
  "viewer":{
   "jshandler":"webview/handlers/ElementHandler"
  },
  "obj_viewer":[
  ],
  "finder":[
  ]
 },
 {
  "sid":"Project:27#out:1",
  "className":"Simulink.Line",
  "icon":"Project3",
  "name":"error",
  "label":"error",
  "parent":"Project",
  "inspector":{
   "params":[
    "SignalNameFromLabel",
    "MustResolveToSignal",
    "ShowPropagatedSignal",
    "DataLogging",
    "TestPoint",
    "SignalObjectPackage",
    "StorageClass",
    "Description",
    "documentLink"
   ],
   "values":[
    "error",
    "off",
    "off",
    "off",
    "off",
    "Simulink",
    "Auto",
    "",
    ""
   ],
   "tabs":[
    "Parameter Attributes",
    "Logging and Accessibility",
    "Code Generation",
    "Documentation"
   ],
   "tabs_idx":[
    0,
    3,
    5,
    7
   ]
  },
  "viewer":{
   "jshandler":"webview/handlers/ElementHandler"
  },
  "obj_viewer":[
  ],
  "finder":[
  ]
 },
 {
  "sid":"Project:28#out:1",
  "className":"Simulink.Line",
  "icon":"Project3",
  "name":"torque",
  "label":"torque",
  "parent":"Project",
  "inspector":{
   "params":[
    "SignalNameFromLabel",
    "MustResolveToSignal",
    "ShowPropagatedSignal",
    "DataLogging",
    "TestPoint",
    "SignalObjectPackage",
    "StorageClass",
    "Description",
    "documentLink"
   ],
   "values":[
    "torque",
    "off",
    "off",
    "off",
    "off",
    "Simulink",
    "Auto",
    "",
    ""
   ],
   "tabs":[
    "Parameter Attributes",
    "Logging and Accessibility",
    "Code Generation",
    "Documentation"
   ],
   "tabs_idx":[
    0,
    3,
    5,
    7
   ]
  },
  "viewer":{
   "jshandler":"webview/handlers/ElementHandler"
  },
  "obj_viewer":[
  ],
  "finder":[
  ]
 },
 {
  "sid":"Project:15#out:1",
  "className":"Simulink.Line",
  "icon":"Project3",
  "name":"theta",
  "label":"theta",
  "parent":"Project",
  "inspector":{
   "params":[
    "SignalNameFromLabel",
    "MustResolveToSignal",
    "ShowPropagatedSignal",
    "DataLogging",
    "TestPoint",
    "SignalObjectPackage",
    "StorageClass",
    "Description",
    "documentLink"
   ],
   "values":[
    "theta",
    "off",
    "off",
    "off",
    "off",
    "Simulink",
    "Auto",
    "",
    ""
   ],
   "tabs":[
    "Parameter Attributes",
    "Logging and Accessibility",
    "Code Generation",
    "Documentation"
   ],
   "tabs_idx":[
    0,
    3,
    5,
    7
   ]
  },
  "viewer":{
   "jshandler":"webview/handlers/ElementHandler"
  },
  "obj_viewer":[
  ],
  "finder":[
  ]
 },
 {
  "sid":"Project:51#out:1",
  "className":"Simulink.Line",
  "icon":"Project3",
  "name":"",
  "label":"",
  "parent":"Project",
  "inspector":{
   "params":[
    "SignalNameFromLabel",
    "MustResolveToSignal",
    "ShowPropagatedSignal",
    "DataLogging",
    "TestPoint",
    "SignalObjectPackage",
    "StorageClass",
    "Description",
    "documentLink"
   ],
   "values":[
    "",
    "off",
    "off",
    "off",
    "off",
    "Simulink",
    "Auto",
    "",
    ""
   ],
   "tabs":[
    "Parameter Attributes",
    "Logging and Accessibility",
    "Code Generation",
    "Documentation"
   ],
   "tabs_idx":[
    0,
    3,
    5,
    7
   ]
  },
  "viewer":{
   "jshandler":"webview/handlers/ElementHandler"
  },
  "obj_viewer":[
  ],
  "finder":[
  ]
 }
]