[
 {
  "hid":1,
  "sid":"Project",
  "esid":"",
  "parent":0,
  "children":[
   2
  ],
  "name":"Project",
  "fullname":"Project",
  "label":"Project",
  "icon":"Project0",
  "svg":"support/slwebview_files/Project_d.svg",
  "thumbnail":"support/slwebview_files/Project_d.png",
  "backingUrl":"support/slwebview_files/Project_d.json",
  "elements":[
   ":15",
   ":27",
   ":26",
   ":28",
   ":49",
   ":50",
   ":51",
   ":26#out:1",
   ":27#out:1",
   ":28#out:1",
   ":15#out:1",
   ":51#out:1"
  ],
  "sameAsElement":false
 },
 {
  "hid":2,
  "sid":"Project:15",
  "esid":"Project:15",
  "parent":1,
  "children":[
  ],
  "name":"Robotic Leg Plant",
  "fullname":"Project/Robotic Leg Plant",
  "label":"Robotic Leg Plant",
  "icon":"Project1",
  "svg":"support/slwebview_files/Project_15_d.svg",
  "thumbnail":"support/slwebview_files/Project_15_d.png",
  "backingUrl":"support/slwebview_files/Project_15_d.json",
  "elements":[
   ":43",
   ":44",
   ":39",
   ":41",
   ":38",
   ":40",
   ":42",
   ":45",
   ":47",
   ":43#out:2",
   ":43#out:1",
   ":40#out:1",
   ":41#out:1",
   ":39#out:1",
   ":44#out:1",
   ":38#out:1",
   ":42#out:1",
   ":45#out:1"
  ],
  "sameAsElement":true
 }
]